"CODIGO","NOMBRE","CODIGO LOCALIDAD","LOCALIDAD","CODIGO UPZ","UPZ"
"001101","LAS BRISAS","4","SAN CRISTÓBAL","33","SOSIEGO"
"001102","BUENOS AIRES","4","SAN CRISTÓBAL","33","SOSIEGO"
"001103","VITELMA","4","SAN CRISTÓBAL","32","SAN BLAS"
"001106","SAN BLAS","4","SAN CRISTÓBAL","32","SAN BLAS"
"001107","LAS MERCEDES","4","SAN CRISTÓBAL","32","SAN BLAS"
"001108","SAN CRISTOBAL SUR","4","SAN CRISTÓBAL","32","SAN BLAS"
"001109","LA MARIA","4","SAN CRISTÓBAL","33","SOSIEGO"
"001110","SAN JAVIER","4","SAN CRISTÓBAL","33","SOSIEGO"
"001111","SANTA ANA SUR","4","SAN CRISTÓBAL","33","SOSIEGO"
"001112","PRIMERO DE MAYO","4","SAN CRISTÓBAL","33","SOSIEGO"
"001113","SAN BLAS II","4","SAN CRISTÓBAL","32","SAN BLAS"
"001114","VELODROMO","4","SAN CRISTÓBAL","33","SOSIEGO"
"001115","MONTE CARLO","4","SAN CRISTÓBAL","32","SAN BLAS"
"001116","TIBAQUE URBANO","4","SAN CRISTÓBAL","32","SAN BLAS"
"001201","SEVILLA","15","ANTONIO NARIÑO","35","CIUDAD JARDIN"
"001202","CIUDAD BERNA","15","ANTONIO NARIÑO","35","CIUDAD JARDIN"
"001203","CARACAS","15","ANTONIO NARIÑO","35","CIUDAD JARDIN"
"001204","CIUDAD JARDIN SUR","15","ANTONIO NARIÑO","35","CIUDAD JARDIN"
"001205","SOCIEGO","4","SAN CRISTÓBAL","33","SOSIEGO"
"001206","QUINTA RAMOS","4","SAN CRISTÓBAL","33","SOSIEGO"
"001207","NARINO SUR","4","SAN CRISTÓBAL","33","SOSIEGO"
"001208","LA HORTUA","15","ANTONIO NARIÑO","35","CIUDAD JARDIN"
"001209","MODELO SUR","4","SAN CRISTÓBAL","33","SOSIEGO"
"001210","CALVO SUR","4","SAN CRISTÓBAL","33","SOSIEGO"
"001211","POLICARPA","15","ANTONIO NARIÑO","35","CIUDAD JARDIN"
"001301","GRANADA SUR","4","SAN CRISTÓBAL","34","20 DE JULIO"
"001302","MONTEBELLO","4","SAN CRISTÓBAL","34","20 DE JULIO"
"001303","CORDOBA","4","SAN CRISTÓBAL","34","20 DE JULIO"
"001304","BELLO HORIZONTE","4","SAN CRISTÓBAL","34","20 DE JULIO"
"001305","ATENAS","4","SAN CRISTÓBAL","34","20 DE JULIO"
"001306","SAN PEDRO","4","SAN CRISTÓBAL","32","SAN BLAS"
"001307","RAMAJAL","4","SAN CRISTÓBAL","32","SAN BLAS"
"001308","SANTA INES SUR","4","SAN CRISTÓBAL","32","SAN BLAS"
"001309","SAN VICENTE","4","SAN CRISTÓBAL","32","SAN BLAS"
"001310","LA VICTORIA","4","SAN CRISTÓBAL","50","LA GLORIA"
"001311","LA GLORIA OCCIDENTAL","4","SAN CRISTÓBAL","50","LA GLORIA"
"001312","LOS ALPES","4","SAN CRISTÓBAL","32","SAN BLAS"
"001313","BELLAVISTA SUR","4","SAN CRISTÓBAL","32","SAN BLAS"
"001314","SAN JOSE SUR ORIENTAL","4","SAN CRISTÓBAL","50","LA GLORIA"
"001315","ALTAMIRA","4","SAN CRISTÓBAL","50","LA GLORIA"
"001316","MORALBA","4","SAN CRISTÓBAL","50","LA GLORIA"
"001317","PUENTE COLORADO","4","SAN CRISTÓBAL","50","LA GLORIA"
"001318","QUINDIO","4","SAN CRISTÓBAL","50","LA GLORIA"
"001319","LA GLORIA ORIENTAL","4","SAN CRISTÓBAL","50","LA GLORIA"
"001320","NUEVA GLORIA","4","SAN CRISTÓBAL","51","LOS LIBERTADORES"
"001321","SAN MARTIN SUR","4","SAN CRISTÓBAL","50","LA GLORIA"
"001322","SAN RAFAEL USME","4","SAN CRISTÓBAL","51","LOS LIBERTADORES"
"001323","NUEVA DELHI","4","SAN CRISTÓBAL","51","LOS LIBERTADORES"
"001324","EL PINAR","4","SAN CRISTÓBAL","51","LOS LIBERTADORES"
"001325","JUAN REY (LA PAZ)","4","SAN CRISTÓBAL","51","LOS LIBERTADORES"
"001327","LOS LIBERTADORES","4","SAN CRISTÓBAL","51","LOS LIBERTADORES"
"001328","SANTA RITA SUR ORIENTAL","4","SAN CRISTÓBAL","51","LOS LIBERTADORES"
"001329","EL PARAISO","4","SAN CRISTÓBAL","51","LOS LIBERTADORES"
"001330","CANADA O GUIRA","4","SAN CRISTÓBAL","51","LOS LIBERTADORES"
"001331","ALTOS DEL ZUQUE","4","SAN CRISTÓBAL","50","LA GLORIA"
"001332","VILLABEL","4","SAN CRISTÓBAL","51","LOS LIBERTADORES"
"001333","ALTOS DEL POBLADO","4","SAN CRISTÓBAL","50","LA GLORIA"
"001334","LAS GAVIOTAS","4","SAN CRISTÓBAL","51","LOS LIBERTADORES"
"001335","VILLA DIANA","5","USME","52","LA FLORA"
"001336","JUAN JOSE RONDON I","5","USME","52","LA FLORA"
"001338","LA BELLEZA","4","SAN CRISTÓBAL","51","LOS LIBERTADORES"
"001339","BOSQUE DE LOS ALPES","4","SAN CRISTÓBAL","32","SAN BLAS"
"001342","ALTOS DEL ZIPA","4","SAN CRISTÓBAL","32","SAN BLAS"
"001344","LOS SOCHES","5","USME","52","LA FLORA"
"001345","DONA LILIANA","5","USME","52","LA FLORA"
"001347","JUAN REY SUR","5","USME","52","LA FLORA"
"001348","LA CABANA","5","USME","52","LA FLORA"
"001350","YOMASA","4","SAN CRISTÓBAL","51","LOS LIBERTADORES"
"001352","GUACAMAYAS II","4","SAN CRISTÓBAL","50","LA GLORIA"
"001353","GUACAMAYAS IV","4","SAN CRISTÓBAL","50","LA GLORIA"
"001354","GUACAMAYAS III","4","SAN CRISTÓBAL","50","LA GLORIA"
"001355","LAS GUACAMAYAS I","4","SAN CRISTÓBAL","50","LA GLORIA"
"001356","VILLA DEL CERRO","4","SAN CRISTÓBAL","51","LOS LIBERTADORES"
"001401","SAN JOSE SUR","18","RAFAEL URIBE","36","SAN JOSE"
"001402","GUSTAVO RESTREPO","18","RAFAEL URIBE","36","SAN JOSE"
"001403","HOSPITAL SAN CARLOS","18","RAFAEL URIBE","36","SAN JOSE"
"001404","SOSIEGO SUR","18","RAFAEL URIBE","36","SAN JOSE"
"001405","VEINTE DE JULIO","4","SAN CRISTÓBAL","34","20 DE JULIO"
"001406","SAN ISIDRO","4","SAN CRISTÓBAL","34","20 DE JULIO"
"001407","SURAMERICA","4","SAN CRISTÓBAL","34","20 DE JULIO"
"001408","VILLA DE LOS ALPES","4","SAN CRISTÓBAL","34","20 DE JULIO"
"001409","LAS LOMAS","4","SAN CRISTÓBAL","34","20 DE JULIO"
"001410","MARCO FIDEL SUAREZ","18","RAFAEL URIBE","53","MARCO FIDEL SUAREZ"
"001411","SAN JORGE SUR","18","RAFAEL URIBE","53","MARCO FIDEL SUAREZ"
"001412","GRANJAS SAN PABLO","18","RAFAEL URIBE","53","MARCO FIDEL SUAREZ"
"001413","LA RESURRECCION","18","RAFAEL URIBE","53","MARCO FIDEL SUAREZ"
"001414","MOLINOS DEL SUR","18","RAFAEL URIBE","54","MARRUECOS"
"001415","MARCO FIDEL SUAREZ I","18","RAFAEL URIBE","54","MARRUECOS"
"001416","SAN AGUSTIN","18","RAFAEL URIBE","55","DIANA TURBAY"
"001417","LOS MOLINOS","18","RAFAEL URIBE","54","MARRUECOS"
"001418","MARRUECOS","18","RAFAEL URIBE","54","MARRUECOS"
"001419","CALLEJON SANTA BARBARA","18","RAFAEL URIBE","54","MARRUECOS"
"001420","EL PLAYON","18","RAFAEL URIBE","54","MARRUECOS"
"001421","DIANA TURBAY","18","RAFAEL URIBE","55","DIANA TURBAY"
"001422","DIANA TURBAY ARRAYANES","18","RAFAEL URIBE","55","DIANA TURBAY"
"001423","ARBOLEDA SUR","18","RAFAEL URIBE","54","MARRUECOS"
"001424","BARCELONA SUR","4","SAN CRISTÓBAL","34","20 DE JULIO"
"001425","GRANJAS DE SANTA SOFIA","18","RAFAEL URIBE","53","MARCO FIDEL SUAREZ"
"001426","SAN LUIS","18","RAFAEL URIBE","36","SAN JOSE"
"001427","PUERTO RICO","18","RAFAEL URIBE","54","MARRUECOS"
"001428","CERROS DE ORIENTE","18","RAFAEL URIBE","54","MARRUECOS"
"001429","GUIPARMA","18","RAFAEL URIBE","54","MARRUECOS"
"001430","VILLA DE LOS ALPES I","4","SAN CRISTÓBAL","34","20 DE JULIO"
"001431","LA RESURRECCION I","18","RAFAEL URIBE","53","MARCO FIDEL SUAREZ"
"001432","DIANA TURBAY CULTIVOS","18","RAFAEL URIBE","55","DIANA TURBAY"
"001434","CARMEN DEL SOL","18","RAFAEL URIBE","54","MARRUECOS"
"001435","LOS ARRAYANES II","18","RAFAEL URIBE","55","DIANA TURBAY"
"002101","LA FRAGUITA","15","ANTONIO NARIÑO","38","RESTREPO"
"002102","SAN ANTONIO","15","ANTONIO NARIÑO","38","RESTREPO"
"002103","RESTREPO","15","ANTONIO NARIÑO","38","RESTREPO"
"002104","RESTREPO OCCIDENTAL","15","ANTONIO NARIÑO","38","RESTREPO"
"002105","SANTANDER","15","ANTONIO NARIÑO","38","RESTREPO"
"002106","SENA","15","ANTONIO NARIÑO","38","RESTREPO"
"002107","LA FRAGUA","15","ANTONIO NARIÑO","38","RESTREPO"
"002201","OLAYA","18","RAFAEL URIBE","39","QUIROGA"
"002202","QUIROGA","18","RAFAEL URIBE","39","QUIROGA"
"002203","QUIROGA CENTRAL","18","RAFAEL URIBE","39","QUIROGA"
"002204","QUIROGA SUR","18","RAFAEL URIBE","39","QUIROGA"
"002205","SANTA LUCIA","18","RAFAEL URIBE","39","QUIROGA"
"002209","QUIROGA I","18","RAFAEL URIBE","39","QUIROGA"
"002301","EDUARDO FREY","15","ANTONIO NARIÑO","38","RESTREPO"
"002302","SANTANDER SUR","15","ANTONIO NARIÑO","38","RESTREPO"
"002303","CENTENARIO","18","RAFAEL URIBE","39","QUIROGA"
"002304","SANTIAGO PEREZ","18","RAFAEL URIBE","39","QUIROGA"
"002305","LIBERTADOR","18","RAFAEL URIBE","39","QUIROGA"
"002306","BRAVO PAEZ","18","RAFAEL URIBE","39","QUIROGA"
"002307","INGLES","18","RAFAEL URIBE","39","QUIROGA"
"002308","CLARET","18","RAFAEL URIBE","39","QUIROGA"
"002309","VILLA MAYOR ORIENTAL","15","ANTONIO NARIÑO","38","RESTREPO"
"002310","MURILLO TORO","18","RAFAEL URIBE","39","QUIROGA"
"002311","VILLA MAYOR","18","RAFAEL URIBE","39","QUIROGA"
"002401","TUNAL ORIENTAL","6","TUNJUELITO","42","VENECIA"
"002402","SAN VICENTE FERRER","6","TUNJUELITO","42","VENECIA"
"002403","VENECIA OCCIDENTAL","6","TUNJUELITO","42","VENECIA"
"002404","VENECIA","6","TUNJUELITO","42","VENECIA"
"002405","ESCUELA GENERAL SANTANDER","6","TUNJUELITO","42","VENECIA"
"002406","SAMORE","6","TUNJUELITO","42","VENECIA"
"002407","EL CARMEN","6","TUNJUELITO","42","VENECIA"
"002408","FATIMA","6","TUNJUELITO","42","VENECIA"
"002409","NUEVO MUZU","6","TUNJUELITO","42","VENECIA"
"002410","PARQUE EL TUNAL","6","TUNJUELITO","42","VENECIA"
"002411","ISLA DEL SOL","6","TUNJUELITO","42","VENECIA"
"002412","VERONA","19","CIUDAD BOLÍVAR","70","JERUSALEM"
"002413","MUZU","6","TUNJUELITO","42","VENECIA"
"002414","ISMAEL PERDOMO","19","CIUDAD BOLÍVAR","69","ISMAEL PERDOMO"
"002415","MADELENA","19","CIUDAD BOLÍVAR","65","ARBORIZADORA"
"002416","EL ENSUENO","19","CIUDAD BOLÍVAR","69","ISMAEL PERDOMO"
"002417","BARLOVENTO","19","CIUDAD BOLÍVAR","69","ISMAEL PERDOMO"
"002418","LA ESTANCIA","19","CIUDAD BOLÍVAR","69","ISMAEL PERDOMO"
"002419","RINCON DE LA VALVANERA","19","CIUDAD BOLÍVAR","69","ISMAEL PERDOMO"
"002420","LA CORUNA","19","CIUDAD BOLÍVAR","65","ARBORIZADORA"
"002421","RAFAEL ESCAMILLA","19","CIUDAD BOLÍVAR","65","ARBORIZADORA"
"002422","ATLANTA","19","CIUDAD BOLÍVAR","65","ARBORIZADORA"
"002423","ESPINO","19","CIUDAD BOLÍVAR","69","ISMAEL PERDOMO"
"002424","RINCON DE GALICIA","19","CIUDAD BOLÍVAR","69","ISMAEL PERDOMO"
"002426","SANTO DOMINGO","19","CIUDAD BOLÍVAR","69","ISMAEL PERDOMO"
"002427","GALICIA","19","CIUDAD BOLÍVAR","69","ISMAEL PERDOMO"
"002428","PRIMAVERA II","19","CIUDAD BOLÍVAR","69","ISMAEL PERDOMO"
"002429","MARIA CANO","19","CIUDAD BOLÍVAR","69","ISMAEL PERDOMO"
"002430","LAS BRISAS","19","CIUDAD BOLÍVAR","70","JERUSALEM"
"002431","POTOSI","19","CIUDAD BOLÍVAR","70","JERUSALEM"
"002432","ARBORIZADORA BAJA","19","CIUDAD BOLÍVAR","65","ARBORIZADORA"
"002433","EL PENON DEL CORTIJO","19","CIUDAD BOLÍVAR","69","ISMAEL PERDOMO"
"002434","JERUSALEN","19","CIUDAD BOLÍVAR","70","JERUSALEM"
"002435","EL CHIRCAL SUR","19","CIUDAD BOLÍVAR","65","ARBORIZADORA"
"002436","BELLAVISTA","19","CIUDAD BOLÍVAR","70","JERUSALEM"
"002437","LA PRADERA","19","CIUDAD BOLÍVAR","70","JERUSALEM"
"002438","SIERRA MORENA","19","CIUDAD BOLÍVAR","69","ISMAEL PERDOMO"
"002439","SIERRA MORENA","19","CIUDAD BOLÍVAR","69","ISMAEL PERDOMO"
"002440","SIERRA MORENA","19","CIUDAD BOLÍVAR","69","ISMAEL PERDOMO"
"002441","LOS TRES REYES I","19","CIUDAD BOLÍVAR","69","ISMAEL PERDOMO"
"002442","SANTA VIVIANA","19","CIUDAD BOLÍVAR","69","ISMAEL PERDOMO"
"002443","LA PRIMAVERA I","19","CIUDAD BOLÍVAR","69","ISMAEL PERDOMO"
"002444","SIERRA MORENA II","19","CIUDAD BOLÍVAR","69","ISMAEL PERDOMO"
"002445","CARACOLI","19","CIUDAD BOLÍVAR","69","ISMAEL PERDOMO"
"002446","LOS TRES REYES","19","CIUDAD BOLÍVAR","69","ISMAEL PERDOMO"
"002447","EL MIRADOR DE LA ESTANCIA","19","CIUDAD BOLÍVAR","69","ISMAEL PERDOMO"
"002448","PERDOMO ALTO","19","CIUDAD BOLÍVAR","69","ISMAEL PERDOMO"
"002449","ESPINO I","19","CIUDAD BOLÍVAR","69","ISMAEL PERDOMO"
"002450","PERDOMO ALTO","19","CIUDAD BOLÍVAR","69","ISMAEL PERDOMO"
"002451","SAN ANTONIO DEL MIRADOR","19","CIUDAD BOLÍVAR","69","ISMAEL PERDOMO"
"002453","CIUDAD BOLIVAR","19","CIUDAD BOLÍVAR","70","JERUSALEM"
"002455","LA VALVANERA","19","CIUDAD BOLÍVAR","69","ISMAEL PERDOMO"
"002456","QUIBA I","19","CIUDAD BOLÍVAR","68","EL TESORO"
"002460","ARBORIZADORA ALTA I","19","CIUDAD BOLÍVAR","70","JERUSALEM"
"002461","ARBORIZADORA ALTA II","19","CIUDAD BOLÍVAR","70","JERUSALEM"
"002501","SAN CARLOS","6","TUNJUELITO","62","TUNJUELITO"
"002502","MILLAN","19","CIUDAD BOLÍVAR","66","SAN FRANCISCO"
"002503","LA AURORA","5","USME","57","GRAN YOMASA"
"002504","COMPARTIR","19","CIUDAD BOLÍVAR","67","LUCERO"
"002505","NUEVO SAN ANDRES","5","USME","57","GRAN YOMASA"
"002506","GRAN YOMASA","5","USME","57","GRAN YOMASA"
"002507","ABRAHAM LINCOLN","6","TUNJUELITO","62","TUNJUELITO"
"002508","TUNJUELITO","6","TUNJUELITO","62","TUNJUELITO"
"002509","SAN BENITO","6","TUNJUELITO","62","TUNJUELITO"
"002510","LA PICOTA ORIENTAL","18","RAFAEL URIBE","55","DIANA TURBAY"
"002511","LA PICOTA","18","RAFAEL URIBE","54","MARRUECOS"
"002512","AREA ARTILLERIA","6","TUNJUELITO","62","TUNJUELITO"
"002513","LAS ACACIAS","19","CIUDAD BOLÍVAR","66","SAN FRANCISCO"
"002514","MEISSEN","19","CIUDAD BOLÍVAR","67","LUCERO"
"002515","SAN FRANCISCO","19","CIUDAD BOLÍVAR","66","SAN FRANCISCO"
"002516","MEXICO","19","CIUDAD BOLÍVAR","67","LUCERO"
"002517","LUCERO DEL SUR","19","CIUDAD BOLÍVAR","67","LUCERO"
"002518","RONDA","19","CIUDAD BOLÍVAR","66","SAN FRANCISCO"
"002519","DANUBIO","5","USME","56","DANUBIO"
"002520","LAS MANAS","19","CIUDAD BOLÍVAR","70","JERUSALEM"
"002521","LUCERO ALTO","19","CIUDAD BOLÍVAR","67","LUCERO"
"002522","EL MOCHUELO ORIENTAL","19","CIUDAD BOLÍVAR","63","EL MOCHUELO"
"002523","LA ALAMEDA","19","CIUDAD BOLÍVAR","67","LUCERO"
"002524","LA ANDREA","5","USME","57","GRAN YOMASA"
"002525","BARRANQUILLITA","5","USME","57","GRAN YOMASA"
"002526","SANTA LIBRADA","5","USME","57","GRAN YOMASA"
"002527","LA CABANA","5","USME","57","GRAN YOMASA"
"002528","SANTA LIBRADA NORTE","5","USME","57","GRAN YOMASA"
"002529","MARICHUELA","5","USME","57","GRAN YOMASA"
"002530","QUIBA","19","CIUDAD BOLÍVAR","68","EL TESORO"
"002531","CANDELARIA LA NUEVA","19","CIUDAD BOLÍVAR","66","SAN FRANCISCO"
"002532","QUINTAS DEL SUR","19","CIUDAD BOLÍVAR","67","LUCERO"
"002533","SOTAVENTO","19","CIUDAD BOLÍVAR","68","EL TESORO"
"002534","CASA DE TEJA","19","CIUDAD BOLÍVAR","68","EL TESORO"
"002535","PALERMO SUR","18","RAFAEL URIBE","55","DIANA TURBAY"
"002536","MONTEBLANCO","5","USME","58","COMUNEROS"
"002537","CHUNIZA","5","USME","58","COMUNEROS"
"002538","USMINIA","5","USME","58","COMUNEROS"
"002539","SAN RAFAEL","19","CIUDAD BOLÍVAR","67","LUCERO"
"002540","ESTRELLA DEL SUR","19","CIUDAD BOLÍVAR","67","LUCERO"
"002541","GRANADA SUR","5","USME","58","COMUNEROS"
"002542","SERRANIAS","5","USME","58","COMUNEROS"
"002543","COMUNEROS","5","USME","58","COMUNEROS"
"002544","LOS LAURELES II","19","CIUDAD BOLÍVAR","66","SAN FRANCISCO"
"002545","EL SATELITE","19","CIUDAD BOLÍVAR","66","SAN FRANCISCO"
"002546","NACIONES UNIDAS","19","CIUDAD BOLÍVAR","67","LUCERO"
"002547","EL TESORO","19","CIUDAD BOLÍVAR","68","EL TESORO"
"002548","EL VIRREY","5","USME","58","COMUNEROS"
"002549","VILLA GLORIA","19","CIUDAD BOLÍVAR","67","LUCERO"
"002550","DUITAMA","5","USME","56","DANUBIO"
"002551","ALASKA","5","USME","56","DANUBIO"
"002552","JUAN PABLO II","19","CIUDAD BOLÍVAR","67","LUCERO"
"002553","SUMAPAZ","19","CIUDAD BOLÍVAR","67","LUCERO"
"002554","GIBRALTAR SUR","19","CIUDAD BOLÍVAR","67","LUCERO"
"002555","SAN JUAN BAUTISTA","5","USME","57","GRAN YOMASA"
"002556","DESARROLLO BRAZUELOS I","5","USME","58","COMUNEROS"
"002557","JUAN JOSE RONDON","19","CIUDAD BOLÍVAR","66","SAN FRANCISCO"
"002558","VILLAS EL DIAMANTE","19","CIUDAD BOLÍVAR","67","LUCERO"
"002559","LOS ALPES SUR","19","CIUDAD BOLÍVAR","67","LUCERO"
"002560","BELLAVISTA LUCERO ALTO","19","CIUDAD BOLÍVAR","67","LUCERO"
"002561","CORDILLERA DEL SUR","19","CIUDAD BOLÍVAR","67","LUCERO"
"002562","CENTRAL DE MEZCLAS","19","CIUDAD BOLÍVAR","63","EL MOCHUELO"
"002563","EL PEDREGAL","5","USME","57","GRAN YOMASA"
"002564","EL MINUTO DE MARIA","19","CIUDAD BOLÍVAR","68","EL TESORO"
"002565","PARAISO QUIBA","19","CIUDAD BOLÍVAR","67","LUCERO"
"002566","LA PAZ","18","RAFAEL URIBE","55","DIANA TURBAY"
"002568","ARBORIZADORA ALTA","19","CIUDAD BOLÍVAR","70","JERUSALEM"
"002569","ARBORIZADORA ALTA","19","CIUDAD BOLÍVAR","70","JERUSALEM"
"002570","EL MIRADOR","19","CIUDAD BOLÍVAR","67","LUCERO"
"002571","ANTONIO JOSE DE SUCRE","5","USME","58","COMUNEROS"
"002572","SALAZAR USME","5","USME","57","GRAN YOMASA"
"002573","ARBORIZADORA ALTA","19","CIUDAD BOLÍVAR","70","JERUSALEM"
"002574","CEDRITOS DEL SUR","19","CIUDAD BOLÍVAR","68","EL TESORO"
"002575","CERRO COLORADO","19","CIUDAD BOLÍVAR","70","JERUSALEM"
"002576","SERRANIAS I","5","USME","58","COMUNEROS"
"002577","DANUBIO II","5","USME","56","DANUBIO"
"002578","ARABIA","19","CIUDAD BOLÍVAR","68","EL TESORO"
"002579","VILLA CANDELARIA","19","CIUDAD BOLÍVAR","70","JERUSALEM"
"002580","BELLA FLOR","19","CIUDAD BOLÍVAR","67","LUCERO"
"002581","LA TORRE","19","CIUDAD BOLÍVAR","67","LUCERO"
"002582","BELLA FLOR SUR","19","CIUDAD BOLÍVAR","67","LUCERO"
"002583","QUIBA URBANO","19","CIUDAD BOLÍVAR","68","EL TESORO"
"002584","EL MOCHUELO","19","CIUDAD BOLÍVAR","68","EL TESORO"
"002585","EL MOCHUELO URBANO","19","CIUDAD BOLÍVAR","68","EL TESORO"
"002586","YOMASA NORTE","5","USME","58","COMUNEROS"
"002587","BRISAS DEL VOLADOR","19","CIUDAD BOLÍVAR","67","LUCERO"
"002588","EL MOCHUELO III URBANO","19","CIUDAD BOLÍVAR","64","MONTE BLANCO"
"002589","PORVENIR","5","USME","56","DANUBIO"
"002590","LA FISCALA","5","USME","56","DANUBIO"
"002591","BRAZUELOS OCCIDENTAL","19","CIUDAD BOLÍVAR","64","MONTE BLANCO"
"002592","DESARROLLO BRAZUELOS","5","USME","58","COMUNEROS"
"002593","TUNJUELITO","5","USME","58","COMUNEROS"
"002594","VILLA ISRAEL","5","USME","58","COMUNEROS"
"002595","LAGUNITAS URBANO","19","CIUDAD BOLÍVAR","64","MONTE BLANCO"
"002596","MOCHUELO ALTO","19","CIUDAD BOLÍVAR","64","MONTE BLANCO"
"002597","LA FISCALA NORTE","5","USME","56","DANUBIO"
"002598","EL MOCHUELO II URBANO","19","CIUDAD BOLÍVAR","63","EL MOCHUELO"
"002599","CENTRO USME URBANO","5","USME","61","CIUDAD USME"
"002601","ARRAYANES I","5","USME","60","PARQUE ENTRENUBES"
"002602","FISCALA ALTA","5","USME","60","PARQUE ENTRENUBES"
"002604","LOS OLIVARES","5","USME","57","GRAN YOMASA"
"002605","BOLONIA","5","USME","57","GRAN YOMASA"
"002606","EL CURUBO","5","USME","57","GRAN YOMASA"
"002607","LA ESPERANZA SUR","5","USME","57","GRAN YOMASA"
"002608","EL BOSQUE CENTRAL I","5","USME","57","GRAN YOMASA"
"002609","EL BOSQUE","5","USME","57","GRAN YOMASA"
"002610","CHAPINERITO","5","USME","59","ALFONSO LOPEZ"
"002611","CHARALA","5","USME","58","COMUNEROS"
"002612","LA COMUNA","5","USME","59","ALFONSO LOPEZ"
"002613","EL PROGRESO USME","5","USME","59","ALFONSO LOPEZ"
"002614","LA ORQUIDEA DE USME","5","USME","59","ALFONSO LOPEZ"
"002615","LA ESPERANZA DE USME","5","USME","58","COMUNEROS"
"002616","EL NUEVO PORTAL","5","USME","59","ALFONSO LOPEZ"
"002617","EL REFUGIO I","5","USME","59","ALFONSO LOPEZ"
"002618","PUERTA AL LLANO DE USME","5","USME","59","ALFONSO LOPEZ"
"002619","VILLA ANITA","5","USME","58","COMUNEROS"
"002620","EL NUEVO PORTAL II","5","USME","59","ALFONSO LOPEZ"
"002621","SAN FELIPE DE USME","5","USME","57","GRAN YOMASA"
"002622","TOCAIMITA ORIENTAL I","5","USME","57","GRAN YOMASA"
"002625","ARRAYANES V","5","USME","60","PARQUE ENTRENUBES"
"002626","BOLONIA I","5","USME","60","PARQUE ENTRENUBES"
"002627","LA REFORMA","5","USME","59","ALFONSO LOPEZ"
"002629","EL NEVADO II","5","USME","60","PARQUE ENTRENUBES"
"002630","EL PORTAL DEL DIVINO","5","USME","59","ALFONSO LOPEZ"
"002631","EL NEVADO","5","USME","57","GRAN YOMASA"
"002632","LA REQUILINA","5","USME","61","CIUDAD USME"
"002634","EL TUNO","5","USME","61","CIUDAD USME"
"002635","BRISAS DEL LLANO","5","USME","61","CIUDAD USME"
"002636","LA HUERTA","5","USME","61","CIUDAD USME"
"002637","ARRAYANES VI","18","RAFAEL URIBE","55","DIANA TURBAY"
"002640","EL PEDREGAL II","5","USME","57","GRAN YOMASA"
"002642","EL PORTAL URBANO","5","USME","59","ALFONSO LOPEZ"
"003101","LA ALAMEDA","3","SANTA FE","93","LAS NIEVES"
"003102","LAS NIEVES","3","SANTA FE","93","LAS NIEVES"
"003103","LAS AGUAS","17","LA CANDELARIA","94","LA CANDELARIA"
"003104","LA CONCORDIA","17","LA CANDELARIA","94","LA CANDELARIA"
"003105","EGIPTO","17","LA CANDELARIA","94","LA CANDELARIA"
"003106","CENTRO ADMINISTRATIVO","17","LA CANDELARIA","94","LA CANDELARIA"
"003107","SANTA INES","3","SANTA FE","93","LAS NIEVES"
"003108","LA CAPUCHINA","3","SANTA FE","93","LAS NIEVES"
"003109","VERACRUZ","3","SANTA FE","93","LAS NIEVES"
"003110","LA CATEDRAL","17","LA CANDELARIA","94","LA CANDELARIA"
"003201","SAN BERNARDINO","3","SANTA FE","95","LAS CRUCES"
"003202","LAS CRUCES","3","SANTA FE","95","LAS CRUCES"
"003203","SANTA BARBARA","17","LA CANDELARIA","94","LA CANDELARIA"
"003204","BELEN","17","LA CANDELARIA","94","LA CANDELARIA"
"003205","EL GUAVIO","3","SANTA FE","96","LOURDES"
"003206","LA PENA","3","SANTA FE","96","LOURDES"
"003207","LOS LACHES","3","SANTA FE","96","LOURDES"
"003208","EL ROCIO","3","SANTA FE","96","LOURDES"
"003209","EL DORADO","3","SANTA FE","96","LOURDES"
"003210","RAMIREZ","3","SANTA FE","96","LOURDES"
"003211","GIRARDOT","3","SANTA FE","96","LOURDES"
"003212","LOURDES","3","SANTA FE","96","LOURDES"
"003215","SAN FRANCISCO RURAL","3","SANTA FE","96","LOURDES"
"004101","RICAURTE","14","LOS MÁRTIRES","102","LA SABANA"
"004102","LA SABANA","14","LOS MÁRTIRES","102","LA SABANA"
"004103","VOTO NACIONAL","14","LOS MÁRTIRES","102","LA SABANA"
"004104","LA ESTANZUELA","14","LOS MÁRTIRES","102","LA SABANA"
"004105","EDUARDO SANTOS","14","LOS MÁRTIRES","37","SANTA ISABEL"
"004106","EL VERGEL","14","LOS MÁRTIRES","37","SANTA ISABEL"
"004107","SANTA ISABEL SUR","14","LOS MÁRTIRES","37","SANTA ISABEL"
"004108","SANTA ISABEL","14","LOS MÁRTIRES","37","SANTA ISABEL"
"004109","VERAGUAS","14","LOS MÁRTIRES","37","SANTA ISABEL"
"004110","LA PEPITA","14","LOS MÁRTIRES","102","LA SABANA"
"004111","EL PROGRESO","14","LOS MÁRTIRES","37","SANTA ISABEL"
"004201","PENSILVANIA","16","PUENTE ARANDA","108","ZONA INDUSTRIAL"
"004202","COMUNEROS","16","PUENTE ARANDA","40","CIUDAD MONTES"
"004203","LA ASUNCION","16","PUENTE ARANDA","40","CIUDAD MONTES"
"004204","MONTES","16","PUENTE ARANDA","40","CIUDAD MONTES"
"004205","PRIMAVERA OCCIDENTAL","16","PUENTE ARANDA","40","CIUDAD MONTES"
"004206","SAN FRANCISCO","16","PUENTE ARANDA","43","SAN RAFAEL"
"004207","GORGONZOLA","16","PUENTE ARANDA","108","ZONA INDUSTRIAL"
"004208","LOS EJIDOS","16","PUENTE ARANDA","108","ZONA INDUSTRIAL"
"004209","SANTA MATILDE","16","PUENTE ARANDA","40","CIUDAD MONTES"
"004210","JORGE GAITAN CORTES","16","PUENTE ARANDA","40","CIUDAD MONTES"
"004211","BOCHICA","16","PUENTE ARANDA","40","CIUDAD MONTES"
"004212","TIBANA","16","PUENTE ARANDA","40","CIUDAD MONTES"
"004301","SAN RAFAEL INDUSTRIAL","16","PUENTE ARANDA","43","SAN RAFAEL"
"004302","SAN RAFAEL","16","PUENTE ARANDA","43","SAN RAFAEL"
"004303","BARCELONA","16","PUENTE ARANDA","43","SAN RAFAEL"
"004304","GALAN","16","PUENTE ARANDA","43","SAN RAFAEL"
"004305","LA PRADERA","16","PUENTE ARANDA","43","SAN RAFAEL"
"004306","LA TRINIDAD","16","PUENTE ARANDA","43","SAN RAFAEL"
"004307","SAN GABRIEL","16","PUENTE ARANDA","43","SAN RAFAEL"
"004308","COLON","16","PUENTE ARANDA","43","SAN RAFAEL"
"004309","LA CAMELIA","16","PUENTE ARANDA","40","CIUDAD MONTES"
"004310","PROVIVIENDA NORTE","16","PUENTE ARANDA","43","SAN RAFAEL"
"004316","LAS MARGARITAS","8","KENNEDY","83","LAS MARGARITAS"
"004317","LA CAMELIA II","16","PUENTE ARANDA","43","SAN RAFAEL"
"004401","SAN EUSEBIO","16","PUENTE ARANDA","40","CIUDAD MONTES"
"004402","REMANSO","16","PUENTE ARANDA","40","CIUDAD MONTES"
"004403","AUTOPISTA MUZU","16","PUENTE ARANDA","41","MUZU"
"004404","AUTOPISTA SUR","16","PUENTE ARANDA","41","MUZU"
"004405","OSPINA PEREZ SUR","16","PUENTE ARANDA","41","MUZU"
"004406","OSPINA PEREZ","16","PUENTE ARANDA","41","MUZU"
"004407","ALCALA","16","PUENTE ARANDA","41","MUZU"
"004408","TEJAR","16","PUENTE ARANDA","41","MUZU"
"004409","ALQUERIA","16","PUENTE ARANDA","41","MUZU"
"004412","REMANSO SUR","16","PUENTE ARANDA","40","CIUDAD MONTES"
"004413","AUTOPISTA MUZU ORIENTAL","16","PUENTE ARANDA","41","MUZU"
"004501","HIPOTECHO","8","KENNEDY","44","AMERICAS"
"004502","HIPOTECHO OCCIDENTAL","8","KENNEDY","44","AMERICAS"
"004503","PROVIVIENDA ORIENTAL","8","KENNEDY","44","AMERICAS"
"004504","PROVIVIENDA","8","KENNEDY","45","CARVAJAL"
"004505","PROVIVIENDA OCCIDENTAL","8","KENNEDY","45","CARVAJAL"
"004506","LA CAMPINA","8","KENNEDY","45","CARVAJAL"
"004507","CIUDAD KENNEDY SUR","8","KENNEDY","47","KENNEDY CENTRAL"
"004508","CIUDAD KENNEDY OCCIDENTAL","8","KENNEDY","47","KENNEDY CENTRAL"
"004509","CIUDAD KENNEDY","8","KENNEDY","44","AMERICAS"
"004510","CIUDAD KENNEDY ORIENTAL","8","KENNEDY","47","KENNEDY CENTRAL"
"004511","CIUDAD KENNEDY CENTRAL","8","KENNEDY","47","KENNEDY CENTRAL"
"004512","TIMIZA","8","KENNEDY","45","CARVAJAL"
"004513","SAN DIEGO-BOSA","7","BOSA","85","BOSA CENTRAL"
"004514","CIUDAD KENNEDY NORTE","8","KENNEDY","47","KENNEDY CENTRAL"
"004515","TUNDAMA","8","KENNEDY","48","TIMIZA"
"004516","BOITA","8","KENNEDY","48","TIMIZA"
"004517","JACQUELINE","8","KENNEDY","48","TIMIZA"
"004518","TIMIZA A","8","KENNEDY","48","TIMIZA"
"004519","ESCOCIA","7","BOSA","84","BOSA OCCIDENTAL"
"004520","LA PAZ BOSA","7","BOSA","84","BOSA OCCIDENTAL"
"004521","LA ESTACION BOSA","7","BOSA","85","BOSA CENTRAL"
"004522","BOSA","7","BOSA","85","BOSA CENTRAL"
"004523","JIMENEZ DE QUESADA","7","BOSA","85","BOSA CENTRAL"
"004524","SAN PABLO BOSA","7","BOSA","85","BOSA CENTRAL"
"004525","PASTRANA","8","KENNEDY","47","KENNEDY CENTRAL"
"004526","BOSA NOVA","7","BOSA","84","BOSA OCCIDENTAL"
"004527","NUEVA GRANADA BOSA","7","BOSA","85","BOSA CENTRAL"
"004528","PASO ANCHO","7","BOSA","85","BOSA CENTRAL"
"004529","CEMENTERIO JARDINES APOGEO","7","BOSA","49","APOGEO"
"004530","TIMIZA B","8","KENNEDY","48","TIMIZA"
"004531","MANDALAY","8","KENNEDY","44","AMERICAS"
"004532","LA CECILIA","8","KENNEDY","48","TIMIZA"
"004533","EL RETAZO","7","BOSA","85","BOSA CENTRAL"
"004534","ROMA","8","KENNEDY","48","TIMIZA"
"004535","CLASS","8","KENNEDY","81","GRAN BRITALIA"
"004536","EL RUBI","8","KENNEDY","48","TIMIZA"
"004537","CASABLANCA","8","KENNEDY","47","KENNEDY CENTRAL"
"004538","OLARTE","7","BOSA","49","APOGEO"
"004539","GRAN COLOMBIANO","7","BOSA","85","BOSA CENTRAL"
"004540","CATALINA II","8","KENNEDY","48","TIMIZA"
"004541","EL PARAISO BOSA","8","KENNEDY","82","PATIO BONITO"
"004542","ALQUERIA LA FRAGUA NORTE","8","KENNEDY","45","CARVAJAL"
"004543","ALQUERIA LA FRAGUA","8","KENNEDY","45","CARVAJAL"
"004544","LAS DELICIAS","8","KENNEDY","45","CARVAJAL"
"004545","CATALINA","8","KENNEDY","48","TIMIZA"
"004546","VILLA DEL RIO","7","BOSA","49","APOGEO"
"004547","CORABASTOS","8","KENNEDY","80","CORABASTOS"
"004548","TECHO","8","KENNEDY","47","KENNEDY CENTRAL"
"004549","NUEVA YORK","8","KENNEDY","45","CARVAJAL"
"004550","JOSE MARIA CARBONEL","7","BOSA","85","BOSA CENTRAL"
"004551","HIPOTECHO SUR","8","KENNEDY","44","AMERICAS"
"004552","GUALOCHE","7","BOSA","85","BOSA CENTRAL"
"004553","ANDALUCIA II","7","BOSA","85","BOSA CENTRAL"
"004554","PATIO BONITO","8","KENNEDY","82","PATIO BONITO"
"004555","PATIO BONITO II","8","KENNEDY","82","PATIO BONITO"
"004556","GRAN BRITALIA I","8","KENNEDY","81","GRAN BRITALIA"
"004557","GRAN BRITALIA","8","KENNEDY","81","GRAN BRITALIA"
"004558","CAMPO HERMOSO","8","KENNEDY","82","PATIO BONITO"
"004559","EL CARMELO","8","KENNEDY","81","GRAN BRITALIA"
"004560","SAUCEDAL","8","KENNEDY","80","CORABASTOS"
"004561","EL JARDIN","7","BOSA","85","BOSA CENTRAL"
"004562","LLANO GRANDE","8","KENNEDY","80","CORABASTOS"
"004563","GUADALUPE","19","CIUDAD BOLÍVAR","65","ARBORIZADORA"
"004564","TAIRONA","8","KENNEDY","82","PATIO BONITO"
"004565","TOCAREMA","8","KENNEDY","48","TIMIZA"
"004566","PATIO BONITO III","8","KENNEDY","82","PATIO BONITO"
"004567","VILLAS DEL PROGRESO","7","BOSA","84","BOSA OCCIDENTAL"
"004568","JORGE URIBE BOTERO","8","KENNEDY","81","GRAN BRITALIA"
"004569","JOSE ANTONIO GALAN","7","BOSA","85","BOSA CENTRAL"
"004570","ANTONIA SANTOS","7","BOSA","85","BOSA CENTRAL"
"004572","CORREDOR FERREO DEL SUR","8","KENNEDY","45","CARVAJAL"
"004573","CIUDADELA EL RECREO","7","BOSA","87","TINTAL SUR"
"004574","CHARLES DE GAULLE","7","BOSA","85","BOSA CENTRAL"
"004575","LOS LAURELES","7","BOSA","85","BOSA CENTRAL"
"004576","CASA BLANCA SUR","8","KENNEDY","81","GRAN BRITALIA"
"004577","SAN BERNARDINO XXII URBANO","7","BOSA","87","TINTAL SUR"
"004578","VILLA NELLY III SECTOR","8","KENNEDY","80","CORABASTOS"
"004579","ESCOCIA","7","BOSA","84","BOSA OCCIDENTAL"
"004580","BOSA NOVA EL PORVENIR","7","BOSA","84","BOSA OCCIDENTAL"
"004581","TIMIZA C","8","KENNEDY","48","TIMIZA"
"004582","RENANIA URAPANES","8","KENNEDY","48","TIMIZA"
"004583","ARGELIA II","7","BOSA","85","BOSA CENTRAL"
"004584","SANTA CATALINA","8","KENNEDY","48","TIMIZA"
"004586","JIMENEZ DE QUESADA II SECTOR","7","BOSA","85","BOSA CENTRAL"
"004587","LOS SAUCES","7","BOSA","84","BOSA OCCIDENTAL"
"004588","EL DANUBIO AZUL","7","BOSA","84","BOSA OCCIDENTAL"
"004589","SAN PEDRO","7","BOSA","84","BOSA OCCIDENTAL"
"004590","SAN BERNARDINO XXV URBANO","7","BOSA","87","TINTAL SUR"
"004591","EL PORTAL DEL BRASIL","7","BOSA","84","BOSA OCCIDENTAL"
"004592","SAN MARTIN","7","BOSA","84","BOSA OCCIDENTAL"
"004593","LA LIBERTAD","7","BOSA","84","BOSA OCCIDENTAL"
"004594","SAN ANTONIO","7","BOSA","84","BOSA OCCIDENTAL"
"004595","CHICO SUR","7","BOSA","84","BOSA OCCIDENTAL"
"004596","ALQUERIA LA FRAGUA II","8","KENNEDY","45","CARVAJAL"
"004597","SAN BERNARDINO I","7","BOSA","85","BOSA CENTRAL"
"004598","VILLA ANNY I","7","BOSA","85","BOSA CENTRAL"
"004599","VILLA ANNY II","7","BOSA","85","BOSA CENTRAL"
"004601","CALANDAIMA","8","KENNEDY","79","CALANDAIMA"
"004602","REMANSO URBANO","7","BOSA","87","TINTAL SUR"
"004603","EL PARAISO","8","KENNEDY","82","PATIO BONITO"
"004604","BRASILIA","7","BOSA","84","BOSA OCCIDENTAL"
"004605","CHICALA","7","BOSA","84","BOSA OCCIDENTAL"
"004607","CIUDAD DE CALI","8","KENNEDY","82","PATIO BONITO"
"004609","LOS ALMENDROS","8","KENNEDY","82","PATIO BONITO"
"004611","EL JAZMIN","8","KENNEDY","82","PATIO BONITO"
"004612","DINDALITO","8","KENNEDY","82","PATIO BONITO"
"004613","PROVIVIENDA OCCIDENTAL","8","KENNEDY","82","PATIO BONITO"
"004614","DINDALITO","8","KENNEDY","82","PATIO BONITO"
"004615","OSORIO XII","8","KENNEDY","83","LAS MARGARITAS"
"004616","OSORIO X URBANO","7","BOSA","86","EL PORVENIR"
"004617","TINTALITO","8","KENNEDY","82","PATIO BONITO"
"004618","DINTALITO","8","KENNEDY","82","PATIO BONITO"
"004619","CHUCUA DE LA VACA III","8","KENNEDY","80","CORABASTOS"
"004620","CHUCUA DE LA VACA II","8","KENNEDY","80","CORABASTOS"
"004621","CHUCUA DE LA VACA I","8","KENNEDY","80","CORABASTOS"
"004622","BRASIL","7","BOSA","84","BOSA OCCIDENTAL"
"004623","SAN BERNARDINO POTRERITOS","7","BOSA","84","BOSA OCCIDENTAL"
"004624","LA VEGA SAN BERNARDINO","7","BOSA","87","TINTAL SUR"
"004625","EL REMANSO I","7","BOSA","84","BOSA OCCIDENTAL"
"004626","LAS ACACIAS","8","KENNEDY","82","PATIO BONITO"
"004627","GALAN","8","KENNEDY","79","CALANDAIMA"
"004628","BETANIA","7","BOSA","84","BOSA OCCIDENTAL"
"004630","PARCELA EL PORVENIR","7","BOSA","86","EL PORVENIR"
"004631","EL CORZO","7","BOSA","86","EL PORVENIR"
"004632","LA CABANA","7","BOSA","86","EL PORVENIR"
"004633","SANTA FE BOSA","7","BOSA","86","EL PORVENIR"
"004634","CANAVERALEJO","7","BOSA","86","EL PORVENIR"
"004635","SAN BERNARDINO II","7","BOSA","86","EL PORVENIR"
"004637","LAS MARGARITAS","7","BOSA","86","EL PORVENIR"
"004638","CIUDADELA EL RECREO II","7","BOSA","87","TINTAL SUR"
"004641","LA INDEPENDENCIA","7","BOSA","84","BOSA OCCIDENTAL"
"004642","ISLANDIA","7","BOSA","85","BOSA CENTRAL"
"004643","EL CORZO I","7","BOSA","86","EL PORVENIR"
"005101","JOSE JOAQUIN VARGAS","12","BARRIOS UNIDOS","22","DOCE DE OCTUBRE"
"005102","POPULAR MODELO","12","BARRIOS UNIDOS","22","DOCE DE OCTUBRE"
"005103","SAN MIGUEL","12","BARRIOS UNIDOS","22","DOCE DE OCTUBRE"
"005104","EL ROSARIO","12","BARRIOS UNIDOS","103","PARQUE SALITRE"
"005105","CAMPIN OCCIDENTAL","13","TEUSAQUILLO","106","LA ESMERALDA"
"005106","NICOLAS DE FEDERMAN","13","TEUSAQUILLO","106","LA ESMERALDA"
"005107","ACEVEDO TEJADA","13","TEUSAQUILLO","107","QUINTA PAREDES"
"005108","CIUDAD UNIVERSITARIA","13","TEUSAQUILLO","104","PARQUE SIMON BOLIVAR - CAN"
"005109","CENTRO ADMINISTRATIVO OCC.","13","TEUSAQUILLO","104","PARQUE SIMON BOLIVAR - CAN"
"005110","EL SALITRE","13","TEUSAQUILLO","104","PARQUE SIMON BOLIVAR - CAN"
"005111","LA ESMERALDA","13","TEUSAQUILLO","106","LA ESMERALDA"
"005112","PARQUE DISTRITAL SALITRE","12","BARRIOS UNIDOS","103","PARQUE SALITRE"
"005113","PAULO VI","13","TEUSAQUILLO","106","LA ESMERALDA"
"005114","CAMPO EUCARISTICO","13","TEUSAQUILLO","104","PARQUE SIMON BOLIVAR - CAN"
"005115","PARQUE POPULAR SALITRE","12","BARRIOS UNIDOS","103","PARQUE SALITRE"
"005116","PABLO VI NORTE","13","TEUSAQUILLO","104","PARQUE SIMON BOLIVAR - CAN"
"005117","RAFAEL NUNEZ","13","TEUSAQUILLO","106","LA ESMERALDA"
"005201","JORGE ELIECER GAITAN","12","BARRIOS UNIDOS","22","DOCE DE OCTUBRE"
"005202","DOCE DE OCTUBRE","12","BARRIOS UNIDOS","22","DOCE DE OCTUBRE"
"005203","SAN FERNANDO","12","BARRIOS UNIDOS","22","DOCE DE OCTUBRE"
"005204","SAN FERNANDO OCCIDENTAL","12","BARRIOS UNIDOS","22","DOCE DE OCTUBRE"
"005205","SIMON BOLIVAR","12","BARRIOS UNIDOS","22","DOCE DE OCTUBRE"
"005206","LA LIBERTAD","12","BARRIOS UNIDOS","22","DOCE DE OCTUBRE"
"005207","METROPOLIS","12","BARRIOS UNIDOS","22","DOCE DE OCTUBRE"
"005304","LA CASTELLANA","12","BARRIOS UNIDOS","21","LOS ANDES"
"005305","LA PATRIA","12","BARRIOS UNIDOS","21","LOS ANDES"
"005306","ENTRERIOS","12","BARRIOS UNIDOS","21","LOS ANDES"
"005307","LOS ANDES","12","BARRIOS UNIDOS","21","LOS ANDES"
"005308","RIONEGRO","12","BARRIOS UNIDOS","21","LOS ANDES"
"005310","ESCUELA MILITAR","12","BARRIOS UNIDOS","21","LOS ANDES"
"005401","POTOSI","11","SUBA","25","LA FLORESTA"
"005402","SANTA ROSA","11","SUBA","25","LA FLORESTA"
"005403","JULIO FLOREZ","11","SUBA","25","LA FLORESTA"
"005404","LAS FERIAS","10","ENGATIVÁ","26","LAS FERIAS"
"005405","LAS FERIAS OCCIDENTAL","10","ENGATIVÁ","26","LAS FERIAS"
"005406","BONANZA","10","ENGATIVÁ","26","LAS FERIAS"
"005501","PALO BLANCO","10","ENGATIVÁ","26","LAS FERIAS"
"005502","LA ESTRADA","10","ENGATIVÁ","26","LAS FERIAS"
"005503","BELLAVISTA OCCIDENTAL","10","ENGATIVÁ","26","LAS FERIAS"
"005504","LA ESTRADITA","10","ENGATIVÁ","26","LAS FERIAS"
"005505","BOSQUE POPULAR","10","ENGATIVÁ","26","LAS FERIAS"
"005506","JARDIN BOTANICO","10","ENGATIVÁ","105","JARDIN BOTANICO"
"005507","NORMANDIA","10","ENGATIVÁ","31","SANTA CECILIA"
"005508","LA CABANA","10","ENGATIVÁ","26","LAS FERIAS"
"005509","SAN JOAQUIN","10","ENGATIVÁ","26","LAS FERIAS"
"005510","EL LAUREL","10","ENGATIVÁ","26","LAS FERIAS"
"005601","EL MINUTO DE DIOS","10","ENGATIVÁ","29","MINUTO DE DIOS"
"005602","SANTA MARIA","10","ENGATIVÁ","30","BOYACA REAL"
"005603","BOYACA","10","ENGATIVÁ","30","BOYACA REAL"
"005604","EL REAL","10","ENGATIVÁ","31","SANTA CECILIA"
"005605","EL ENCANTO","10","ENGATIVÁ","31","SANTA CECILIA"
"005606","NORMANDIA OCCIDENTAL","10","ENGATIVÁ","31","SANTA CECILIA"
"005607","SAN IGNACIO","10","ENGATIVÁ","116","ALAMOS"
"005608","SANTA HELENITA","10","ENGATIVÁ","30","BOYACA REAL"
"005609","TABORA","10","ENGATIVÁ","30","BOYACA REAL"
"005610","LA GRANJA","10","ENGATIVÁ","30","BOYACA REAL"
"005611","AUTOPISTA MEDELLIN","10","ENGATIVÁ","29","MINUTO DE DIOS"
"005612","PARIS GAITAN","10","ENGATIVÁ","29","MINUTO DE DIOS"
"005613","LA SERENA","10","ENGATIVÁ","29","MINUTO DE DIOS"
"005614","VILLA LUZ","10","ENGATIVÁ","31","SANTA CECILIA"
"005615","LA SOLEDAD NORTE","10","ENGATIVÁ","30","BOYACA REAL"
"005616","LOS CEREZOS","10","ENGATIVÁ","29","MINUTO DE DIOS"
"005617","PRIMAVERA","10","ENGATIVÁ","29","MINUTO DE DIOS"
"005619","PARIS","10","ENGATIVÁ","30","BOYACA REAL"
"005620","FLORENCIA","10","ENGATIVÁ","30","BOYACA REAL"
"005621","FLORIDA BLANCA","10","ENGATIVÁ","30","BOYACA REAL"
"005622","BOLIVIA","10","ENGATIVÁ","72","BOLIVIA"
"005623","LOS ANGELES","10","ENGATIVÁ","73","GARCES NAVAS"
"005624","AEROPUERTO EL DORADO","9","FONTIBÓN","117","AEROPUERTO EL DORADO"
"005625","LOS ALAMOS","10","ENGATIVÁ","30","BOYACA REAL"
"005626","LOS ALAMOS","10","ENGATIVÁ","116","ALAMOS"
"005627","GARCES NAVAS","10","ENGATIVÁ","73","GARCES NAVAS"
"005628","GARCES NAVAS ORIENTAL","10","ENGATIVÁ","73","GARCES NAVAS"
"005629","EL CEDRO","10","ENGATIVÁ","73","GARCES NAVAS"
"005630","CIUDAD BACHUE","10","ENGATIVÁ","29","MINUTO DE DIOS"
"005631","CIUDAD BACHUE I ETAPA","10","ENGATIVÁ","29","MINUTO DE DIOS"
"005632","BOCHICA","10","ENGATIVÁ","29","MINUTO DE DIOS"
"005634","EL CORTIJO","10","ENGATIVÁ","72","BOLIVIA"
"005635","EL MADRIGAL","10","ENGATIVÁ","73","GARCES NAVAS"
"005636","ENGATIVA ZONA URBANA","10","ENGATIVÁ","74","ENGATIVA"
"005637","VILLA GLADYS","10","ENGATIVÁ","74","ENGATIVA"
"005638","SANTA CECILIA","10","ENGATIVÁ","31","SANTA CECILIA"
"005639","QUIRIGUA ORIENTAL","10","ENGATIVÁ","29","MINUTO DE DIOS"
"005640","BOLIVIA ORIENTAL","10","ENGATIVÁ","72","BOLIVIA"
"005641","SANTA MONICA","10","ENGATIVÁ","73","GARCES NAVAS"
"005643","ALAMOS","10","ENGATIVÁ","73","GARCES NAVAS"
"005644","BOCHICA II","10","ENGATIVÁ","72","BOLIVIA"
"005647","VILLAS DE GRANADA","10","ENGATIVÁ","73","GARCES NAVAS"
"005648","VILLA AMALIA","10","ENGATIVÁ","73","GARCES NAVAS"
"005649","VILLAS DE GRANADA I","10","ENGATIVÁ","73","GARCES NAVAS"
"005650","CIUDADELA COLSUBSIDIO","10","ENGATIVÁ","72","BOLIVIA"
"005652","EL MUELLE","10","ENGATIVÁ","74","ENGATIVA"
"005654","GRAN GRANADA","10","ENGATIVÁ","73","GARCES NAVAS"
"005655","GARCES NAVAS SUR","10","ENGATIVÁ","73","GARCES NAVAS"
"005657","SABANA DEL DORADO","10","ENGATIVÁ","74","ENGATIVA"
"005658","VILLA SAGRARIO","10","ENGATIVÁ","73","GARCES NAVAS"
"005660","SAN ANTONIO URBANO","10","ENGATIVÁ","74","ENGATIVA"
"005661","LUIS CARLOS GALAN","10","ENGATIVÁ","29","MINUTO DE DIOS"
"005662","EL CEDRO","10","ENGATIVÁ","74","ENGATIVA"
"005663","EL DORADO INDUSTRIAL","10","ENGATIVÁ","73","GARCES NAVAS"
"005664","EL DORADO","10","ENGATIVÁ","72","BOLIVIA"
"005665","MARANDU","10","ENGATIVÁ","74","ENGATIVA"
"005666","LA FAENA","10","ENGATIVÁ","74","ENGATIVA"
"005667","CENTRO ENGATIVA II","10","ENGATIVÁ","74","ENGATIVA"
"005668","VILLAS DE ALCALA","10","ENGATIVÁ","73","GARCES NAVAS"
"005669","EL GACO","10","ENGATIVÁ","74","ENGATIVA"
"005670","LA RIVIERA","10","ENGATIVÁ","74","ENGATIVA"
"005672","LAS NAVETAS","9","FONTIBÓN","117","AEROPUERTO EL DORADO"
"005673","PUEBLO VIEJO","9","FONTIBÓN","117","AEROPUERTO EL DORADO"
"005675","BOLIVIA","10","ENGATIVÁ","73","GARCES NAVAS"
"005679","SAN ANTONIO ENGATIVA","10","ENGATIVÁ","74","ENGATIVA"
"005680","VILLA DEL MAR","10","ENGATIVÁ","74","ENGATIVA"
"005682","CIUDAD BACHUE II","10","ENGATIVÁ","29","MINUTO DE DIOS"
"005683","QUIRIGUA I","10","ENGATIVÁ","29","MINUTO DE DIOS"
"005684","QUIRIGUA II","10","ENGATIVÁ","29","MINUTO DE DIOS"
"006101","FLORIDA","14","LOS MÁRTIRES","102","LA SABANA"
"006103","SANTA FE","14","LOS MÁRTIRES","102","LA SABANA"
"006104","LA FAVORITA","14","LOS MÁRTIRES","102","LA SABANA"
"006105","SAN VICTORINO","14","LOS MÁRTIRES","102","LA SABANA"
"006106","EL LISTON","14","LOS MÁRTIRES","102","LA SABANA"
"006107","PALOQUEMAO","14","LOS MÁRTIRES","102","LA SABANA"
"006108","SAMPER MENDOZA","14","LOS MÁRTIRES","102","LA SABANA"
"006109","COLSEGUROS","14","LOS MÁRTIRES","102","LA SABANA"
"006110","USATAMA","14","LOS MÁRTIRES","102","LA SABANA"
"006201","EL RECUERDO","13","TEUSAQUILLO","107","QUINTA PAREDES"
"006202","GRAN AMERICA","13","TEUSAQUILLO","107","QUINTA PAREDES"
"006203","LA FLORIDA OCCIDENTAL","16","PUENTE ARANDA","108","ZONA INDUSTRIAL"
"006204","ESTACION CENTRAL","16","PUENTE ARANDA","108","ZONA INDUSTRIAL"
"006205","INDUSTRIAL CENTENARIO","16","PUENTE ARANDA","108","ZONA INDUSTRIAL"
"006206","EL EJIDO","16","PUENTE ARANDA","108","ZONA INDUSTRIAL"
"006207","BATALLON CALDAS","16","PUENTE ARANDA","111","PUENTE ARANDA"
"006208","ORTEZAL","16","PUENTE ARANDA","111","PUENTE ARANDA"
"006209","QUINTA PAREDES","13","TEUSAQUILLO","107","QUINTA PAREDES"
"006210","CENTRO NARINO","13","TEUSAQUILLO","107","QUINTA PAREDES"
"006211","CUNDINAMARCA","16","PUENTE ARANDA","108","ZONA INDUSTRIAL"
"006212","SALAZAR GOMEZ","16","PUENTE ARANDA","111","PUENTE ARANDA"
"006215","PUENTE ARANDA","16","PUENTE ARANDA","111","PUENTE ARANDA"
"006216","CIUDAD SALITRE NOR-ORIENTAL","13","TEUSAQUILLO","109","CIUDAD SALITRE ORIENTAL"
"006217","CIUDAD SALITRE SUR-ORIENTAL","13","TEUSAQUILLO","109","CIUDAD SALITRE ORIENTAL"
"006218","CENTRO INDUSTRIAL","16","PUENTE ARANDA","111","PUENTE ARANDA"
"006301","SANTA CECILIA","9","FONTIBÓN","114","MODELIA"
"006302","CAPELLANIA","9","FONTIBÓN","114","MODELIA"
"006303","LA ESPERANZA NORTE","9","FONTIBÓN","110","CIUDAD SALITRE OCCIDENTAL"
"006306","GRANJAS DE TECHO","9","FONTIBÓN","112","GRANJAS DE TECHO"
"006307","MONTEVIDEO","9","FONTIBÓN","112","GRANJAS DE TECHO"
"006308","FRANCO","9","FONTIBÓN","112","GRANJAS DE TECHO"
"006311","MODELIA","9","FONTIBÓN","114","MODELIA"
"006312","MODELIA OCCIDENTAL","9","FONTIBÓN","114","MODELIA"
"006313","SALITRE OCCIDENTAL","9","FONTIBÓN","110","CIUDAD SALITRE OCCIDENTAL"
"006315","LA ESPERANZA SUR","9","FONTIBÓN","110","CIUDAD SALITRE OCCIDENTAL"
"006316","BOSQUE DE MODELIA","9","FONTIBÓN","114","MODELIA"
"006319","TERMINAL DE TRANSPORTES","9","FONTIBÓN","110","CIUDAD SALITRE OCCIDENTAL"
"006320","CIUDAD HAYUELOS","9","FONTIBÓN","112","GRANJAS DE TECHO"
"006401","VERSALLES FONTIBON","9","FONTIBÓN","75","FONTIBON"
"006402","LA CABANA FONTIBON","9","FONTIBÓN","75","FONTIBON"
"006403","SAN JOSE DE FONTIBON","9","FONTIBÓN","115","CAPELLANIA"
"006404","PUERTA DE TEJA","9","FONTIBÓN","115","CAPELLANIA"
"006405","FERROCAJA FONTIBON","9","FONTIBÓN","115","CAPELLANIA"
"006406","VILLEMAR","9","FONTIBÓN","75","FONTIBON"
"006407","GUADUAL FONTIBON","9","FONTIBÓN","75","FONTIBON"
"006408","EL CARMEN FONTIBON","9","FONTIBÓN","75","FONTIBON"
"006409","BELEN FONTIBON","9","FONTIBÓN","75","FONTIBON"
"006410","CENTRO FONTIBON","9","FONTIBÓN","75","FONTIBON"
"006411","CHARCO URBANO","9","FONTIBÓN","76","FONTIBON SAN PABLO"
"006413","SAN PABLO JERICO","9","FONTIBÓN","76","FONTIBON SAN PABLO"
"006414","BRISAS ALDEA FONTIBON","9","FONTIBÓN","76","FONTIBON SAN PABLO"
"006415","LA LAGUNA FONTIBON","9","FONTIBÓN","75","FONTIBON"
"006416","ATAHUALPA","9","FONTIBÓN","75","FONTIBON"
"006417","VILLA CARMENZA","9","FONTIBÓN","75","FONTIBON"
"006418","PUENTE GRANDE","9","FONTIBÓN","76","FONTIBON SAN PABLO"
"006419","EL REFUGIO","9","FONTIBÓN","76","FONTIBON SAN PABLO"
"006420","LA GIRALDA","9","FONTIBÓN","75","FONTIBON"
"006423","EL TINTAL CENTRAL","9","FONTIBÓN","112","GRANJAS DE TECHO"
"006501","COOPERATIVA DE SUB-OFICIALES","8","KENNEDY","113","BAVARIA"
"006502","MARSELLA","8","KENNEDY","113","BAVARIA"
"006503","VISION DE ORIENTE","8","KENNEDY","46","CASTILLA"
"006504","BAVARIA","8","KENNEDY","46","CASTILLA"
"006505","PIO XII","8","KENNEDY","46","CASTILLA"
"006506","CASTILLA","8","KENNEDY","46","CASTILLA"
"006507","NUEVO TECHO","8","KENNEDY","46","CASTILLA"
"006508","LAS DOS AVENIDAS","8","KENNEDY","46","CASTILLA"
"006509","LUSITANIA","8","KENNEDY","113","BAVARIA"
"006510","VILLA ALSACIA II","8","KENNEDY","46","CASTILLA"
"006511","LA PAMPA","8","KENNEDY","46","CASTILLA"
"006512","VILLA ALSACIA","8","KENNEDY","113","BAVARIA"
"006514","VERGEL OCCIDENTAL","8","KENNEDY","46","CASTILLA"
"006515","VALLADOLID","8","KENNEDY","46","CASTILLA"
"006516","TINTALA","8","KENNEDY","79","CALANDAIMA"
"006517","MARIA PAZ","8","KENNEDY","80","CORABASTOS"
"006518","OSORIO III","8","KENNEDY","79","CALANDAIMA"
"006519","MORAVIA","9","FONTIBÓN","77","ZONA FRANCA"
"006520","ZONA FRANCA","9","FONTIBÓN","77","ZONA FRANCA"
"006521","SABANA GRANDE","9","FONTIBÓN","77","ZONA FRANCA"
"006522","EL TINTAL II","9","FONTIBÓN","77","ZONA FRANCA"
"006523","SAN PEDRO DE LOS ROBLES","9","FONTIBÓN","75","FONTIBON"
"006524","LA MAGDALENA","8","KENNEDY","78","TINTAL NORTE"
"006525","EL CHANCO I","9","FONTIBÓN","77","ZONA FRANCA"
"006527","INTERINDUSTRIAL","9","FONTIBÓN","112","GRANJAS DE TECHO"
"006528","EL VERGEL","9","FONTIBÓN","112","GRANJAS DE TECHO"
"006529","EL VERGEL ORIENTAL","8","KENNEDY","46","CASTILLA"
"006531","CIUDAD TECHO II","8","KENNEDY","46","CASTILLA"
"006532","KASANDRA","9","FONTIBÓN","77","ZONA FRANCA"
"006533","EL TINTAL III","8","KENNEDY","78","TINTAL NORTE"
"006534","EL TINTAL IV","8","KENNEDY","78","TINTAL NORTE"
"007101","LA SOLEDAD","13","TEUSAQUILLO","101","TEUSAQUILLO"
"007102","SANTA TERESITA","13","TEUSAQUILLO","101","TEUSAQUILLO"
"007103","LA MAGDALENA","13","TEUSAQUILLO","101","TEUSAQUILLO"
"007104","TEUSAQUILLO","13","TEUSAQUILLO","101","TEUSAQUILLO"
"007105","ARMENIA","13","TEUSAQUILLO","101","TEUSAQUILLO"
"007106","ESTRELLA","13","TEUSAQUILLO","101","TEUSAQUILLO"
"007107","LAS AMERICAS","13","TEUSAQUILLO","101","TEUSAQUILLO"
"007201","CAMPIN","13","TEUSAQUILLO","100","GALERIAS"
"007202","SAN LUIS","13","TEUSAQUILLO","100","GALERIAS"
"007203","CHAPINERO OCCIDENTAL","13","TEUSAQUILLO","100","GALERIAS"
"007204","QUESADA","13","TEUSAQUILLO","100","GALERIAS"
"007205","PALERMO","13","TEUSAQUILLO","101","TEUSAQUILLO"
"007206","BELALCAZAR","13","TEUSAQUILLO","100","GALERIAS"
"007207","GALERIAS","13","TEUSAQUILLO","100","GALERIAS"
"007208","BANCO CENTRAL","13","TEUSAQUILLO","100","GALERIAS"
"007209","ALFONSO LOPEZ","13","TEUSAQUILLO","100","GALERIAS"
"007301","LA MERCED NORTE","12","BARRIOS UNIDOS","98","LOS ALCAZARES"
"007302","ALCAZARES","12","BARRIOS UNIDOS","98","LOS ALCAZARES"
"007303","COLOMBIA","12","BARRIOS UNIDOS","98","LOS ALCAZARES"
"007304","CONCEPCION NORTE","12","BARRIOS UNIDOS","98","LOS ALCAZARES"
"007305","LA ESPERANZA","12","BARRIOS UNIDOS","98","LOS ALCAZARES"
"007306","BAQUERO","12","BARRIOS UNIDOS","98","LOS ALCAZARES"
"007307","MUEQUETA","12","BARRIOS UNIDOS","98","LOS ALCAZARES"
"007308","QUINTA MUTIS","12","BARRIOS UNIDOS","98","LOS ALCAZARES"
"007309","BENJAMIN HERRERA","12","BARRIOS UNIDOS","98","LOS ALCAZARES"
"007310","LA PAZ","12","BARRIOS UNIDOS","98","LOS ALCAZARES"
"007311","SIETE DE AGOSTO","12","BARRIOS UNIDOS","98","LOS ALCAZARES"
"007312","RAFAEL URIBE","12","BARRIOS UNIDOS","98","LOS ALCAZARES"
"007401","POLO CLUB","12","BARRIOS UNIDOS","98","LOS ALCAZARES"
"007402","JUAN XXIII","12","BARRIOS UNIDOS","98","LOS ALCAZARES"
"007403","SAN FELIPE","12","BARRIOS UNIDOS","98","LOS ALCAZARES"
"007404","ALCAZARES NORTE","12","BARRIOS UNIDOS","98","LOS ALCAZARES"
"007405","ONCE DE NOVIEMBRE","12","BARRIOS UNIDOS","98","LOS ALCAZARES"
"007406","SANTA SOFIA","12","BARRIOS UNIDOS","98","LOS ALCAZARES"
"007407","LA AURORA","12","BARRIOS UNIDOS","98","LOS ALCAZARES"
"008101","SAGRADO CORAZON","3","SANTA FE","91","SAGRADO CORAZON"
"008102","PARQUE NACIONAL","3","SANTA FE","91","SAGRADO CORAZON"
"008103","LA MERCED","3","SANTA FE","91","SAGRADO CORAZON"
"008104","LA PERSEVERANCIA","3","SANTA FE","92","LA MACARENA"
"008105","LA MACARENA","3","SANTA FE","92","LA MACARENA"
"008106","BOSQUE IZQUIERDO","3","SANTA FE","92","LA MACARENA"
"008107","SAN DIEGO","3","SANTA FE","91","SAGRADO CORAZON"
"008108","SAMPER","3","SANTA FE","91","SAGRADO CORAZON"
"008109","SAN MARTIN","3","SANTA FE","91","SAGRADO CORAZON"
"008110","EL PARAISO","2","CHAPINERO","90","PARDO RUBIO"
"008111","CATALUNA","2","CHAPINERO","99","CHAPINERO"
"008112","SUCRE","2","CHAPINERO","99","CHAPINERO"
"008114","PARQUE NACIONAL URBANO","17","LA CANDELARIA","94","LA CANDELARIA"
"008201","QUINTA CAMACHO","2","CHAPINERO","97","CHICO LAGO"
"008202","EMAUS","2","CHAPINERO","88","EL REFUGIO"
"008203","LAS ACACIAS","2","CHAPINERO","90","PARDO RUBIO"
"008204","GRANADA","2","CHAPINERO","90","PARDO RUBIO"
"008205","MARIA CRISTINA","2","CHAPINERO","90","PARDO RUBIO"
"008206","LA SALLE","2","CHAPINERO","90","PARDO RUBIO"
"008207","BOSQUE CALDERON","2","CHAPINERO","90","PARDO RUBIO"
"008208","PARDO RUBIO","2","CHAPINERO","90","PARDO RUBIO"
"008211","JUAN XXIII","2","CHAPINERO","90","PARDO RUBIO"
"008212","MARLY","2","CHAPINERO","99","CHAPINERO"
"008213","CHAPINERO CENTRAL","2","CHAPINERO","99","CHAPINERO"
"008214","CHAPINERO NORTE","2","CHAPINERO","99","CHAPINERO"
"008215","INGEMAR","2","CHAPINERO","90","PARDO RUBIO"
"008220","SIBERIA CENTRAL","2","CHAPINERO","90","PARDO RUBIO"
"008301","CHICO NORTE II SECTOR","2","CHAPINERO","97","CHICO LAGO"
"008302","SEMINARIO","2","CHAPINERO","88","EL REFUGIO"
"008303","EL REFUGIO","2","CHAPINERO","88","EL REFUGIO"
"008304","LOS ROSALES","2","CHAPINERO","88","EL REFUGIO"
"008305","BELLAVISTA","2","CHAPINERO","88","EL REFUGIO"
"008306","PORCIUNCULA","2","CHAPINERO","97","CHICO LAGO"
"008307","CHICO NORTE","2","CHAPINERO","97","CHICO LAGO"
"008308","EL CHICO","2","CHAPINERO","97","CHICO LAGO"
"008309","LA CABRERA","2","CHAPINERO","88","EL REFUGIO"
"008310","EL RETIRO","2","CHAPINERO","88","EL REFUGIO"
"008311","EL NOGAL","2","CHAPINERO","88","EL REFUGIO"
"008312","ESPARTILLAL","2","CHAPINERO","97","CHICO LAGO"
"008313","LAGO GAITAN","2","CHAPINERO","97","CHICO LAGO"
"008314","ANTIGUO COUNTRY","2","CHAPINERO","97","CHICO LAGO"
"008315","CHICO NORTE III SECTOR","2","CHAPINERO","97","CHICO LAGO"
"008319","EL BAGAZAL","2","CHAPINERO","88","EL REFUGIO"
"008401","LA CALLEJA","1","USAQUÉN","15","COUNTRY CLUB"
"008402","COUNTRY CLUB","1","USAQUÉN","15","COUNTRY CLUB"
"008403","LA CAROLINA","1","USAQUÉN","15","COUNTRY CLUB"
"008404","BELLA SUIZA","1","USAQUÉN","14","USAQUEN"
"008405","GINEBRA","1","USAQUÉN","14","USAQUEN"
"008406","SAN GABRIEL NORTE","1","USAQUÉN","14","USAQUEN"
"008407","USAQUEN","1","USAQUÉN","14","USAQUEN"
"008408","SANTA ANA","1","USAQUÉN","14","USAQUEN"
"008409","ESCUELA DE CABALLERIA I","1","USAQUÉN","14","USAQUEN"
"008410","ESCUELA DE INFANTERIA","1","USAQUÉN","14","USAQUEN"
"008411","RINCON DEL CHICO","1","USAQUÉN","16","SANTA BARBARA"
"008412","SANTA BIBIANA","1","USAQUÉN","16","SANTA BARBARA"
"008413","SANTA BARBARA ORIENTAL","1","USAQUÉN","14","USAQUEN"
"008414","SANTA ANA OCCIDENTAL","1","USAQUÉN","14","USAQUEN"
"008415","SANTA BARBARA CENTRAL","1","USAQUÉN","16","SANTA BARBARA"
"008416","MOLINOS NORTE","1","USAQUÉN","16","SANTA BARBARA"
"008417","SANTA BARBARA OCCIDENTAL","1","USAQUÉN","16","SANTA BARBARA"
"008418","SAN PATRICIO","1","USAQUÉN","16","SANTA BARBARA"
"008419","ESCUELA DE CABALLERIA II","1","USAQUÉN","14","USAQUEN"
"008424","SEGUNDO CONTADOR","1","USAQUÉN","13","LOS CEDROS"
"008425","GINEBRA II","1","USAQUÉN","14","USAQUEN"
"008426","SAN GABRIEL NORTE II","1","USAQUÉN","14","USAQUEN"
"008501","EL TOBERIN","1","USAQUÉN","12","TOBERIN"
"008502","LA PRADERA NORTE","1","USAQUÉN","12","TOBERIN"
"008503","SANTA TERESA","1","USAQUÉN","10","LA URIBE"
"008504","LA CITA","1","USAQUÉN","11","SAN CRISTOBAL NORTE"
"008505","SAN CRISTOBAL NORTE","1","USAQUÉN","11","SAN CRISTOBAL NORTE"
"008506","BARRANCAS NORTE","1","USAQUÉN","11","SAN CRISTOBAL NORTE"
"008507","BARRANCAS","1","USAQUÉN","11","SAN CRISTOBAL NORTE"
"008508","CEDRO SALAZAR","1","USAQUÉN","13","LOS CEDROS"
"008509","LOS CEDROS ORIENTAL","1","USAQUÉN","13","LOS CEDROS"
"008510","ACACIAS USAQUEN","1","USAQUÉN","13","LOS CEDROS"
"008511","CEDRO NARVAEZ","1","USAQUÉN","13","LOS CEDROS"
"008512","CEDRITOS","1","USAQUÉN","13","LOS CEDROS"
"008513","LISBOA","1","USAQUÉN","13","LOS CEDROS"
"008514","EL CONTADOR","1","USAQUÉN","13","LOS CEDROS"
"008515","LOS CEDROS","1","USAQUÉN","13","LOS CEDROS"
"008516","LAS ORQUIDEAS","1","USAQUÉN","12","TOBERIN"
"008517","LA LIBERIA","1","USAQUÉN","12","TOBERIN"
"008518","CAOBOS SALAZAR","1","USAQUÉN","13","LOS CEDROS"
"008519","ESTRELLA DEL NORTE","1","USAQUÉN","12","TOBERIN"
"008520","BOSQUE DE PINOS","1","USAQUÉN","11","SAN CRISTOBAL NORTE"
"008521","TIBABITA","1","USAQUÉN","9","VERBENAL"
"008522","EL ROCIO NORTE","1","USAQUÉN","9","VERBENAL"
"008523","SAN ANTONIO NORTE","1","USAQUÉN","9","VERBENAL"
"008524","LA GRANJA NORTE","1","USAQUÉN","10","LA URIBE"
"008525","LA URIBE","1","USAQUÉN","10","LA URIBE"
"008526","EL VERVENAL","1","USAQUÉN","9","VERBENAL"
"008527","EL CEREZO","1","USAQUÉN","9","VERBENAL"
"008528","SAN ANTONIO NOROCCIDENTAL","1","USAQUÉN","10","LA URIBE"
"008529","SAN JOSE DE USAQUEN","1","USAQUÉN","10","LA URIBE"
"008530","LAS MARGARITAS","1","USAQUÉN","13","LOS CEDROS"
"008532","EL REDIL","1","USAQUÉN","10","LA URIBE"
"008533","HORIZONTES NORTE","1","USAQUÉN","9","VERBENAL"
"008535","BUENAVISTA","1","USAQUÉN","9","VERBENAL"
"008536","BOSQUE DE PINOS I","1","USAQUÉN","13","LOS CEDROS"
"008537","VERBENAL SAN ANTONIO","1","USAQUÉN","9","VERBENAL"
"008538","BOSQUE DE PINOS III","1","USAQUÉN","13","LOS CEDROS"
"008539","TORCA I","1","USAQUÉN","1","PASEO DE LOS LIBERTADORES"
"008540","LA ESTRELLITA I","1","USAQUÉN","9","VERBENAL"
"008544","CANAIMA","1","USAQUÉN","1","PASEO DE LOS LIBERTADORES"
"008546","LA ESTRELLITA II","1","USAQUÉN","9","VERBENAL"
"008547","LA ESTRELLITA III","1","USAQUÉN","9","VERBENAL"
"009101","GRANADA NORTE","11","SUBA","18","BRITALIA"
"009102","BRITALIA","11","SUBA","18","BRITALIA"
"009103","CANTAGALLO","11","SUBA","18","BRITALIA"
"009104","VICTORIA NORTE","11","SUBA","19","EL PRADO"
"009105","PRADO PINZON","11","SUBA","19","EL PRADO"
"009106","SAN JOSE DEL PRADO","11","SUBA","19","EL PRADO"
"009107","PRADO VERANIEGO","11","SUBA","19","EL PRADO"
"009108","CIUDAD JARDIN NORTE","11","SUBA","24","NIZA"
"009109","NIZA SUR","11","SUBA","24","NIZA"
"009110","MAZUREN","11","SUBA","19","EL PRADO"
"009111","MONACO","11","SUBA","20","LA ALHAMBRA"
"009112","NIZA SUBA","11","SUBA","24","NIZA"
"009113","SAN JOSE DE BAVARIA","11","SUBA","17","SAN JOSE DE BAVARIA"
"009114","GILMAR","11","SUBA","18","BRITALIA"
"009115","IBERIA","11","SUBA","24","NIZA"
"009116","PRADO VERANIEGO NORTE","11","SUBA","24","NIZA"
"009117","PRADO VERANIEGO SUR","11","SUBA","19","EL PRADO"
"009118","BATAN","11","SUBA","20","LA ALHAMBRA"
"009119","ATENAS","11","SUBA","23","CASA BLANCA SUBA"
"009120","NUEVA ZELANDIA","11","SUBA","17","SAN JOSE DE BAVARIA"
"009121","CLUB DE LOS LAGARTOS","11","SUBA","25","LA FLORESTA"
"009122","LAS VILLAS","11","SUBA","24","NIZA"
"009123","NIZA NORTE","11","SUBA","24","NIZA"
"009124","PUENTE LARGO","11","SUBA","20","LA ALHAMBRA"
"009125","PASADENA","11","SUBA","20","LA ALHAMBRA"
"009126","ESTORIL","11","SUBA","20","LA ALHAMBRA"
"009127","ANDES NORTE","11","SUBA","25","LA FLORESTA"
"009128","EL PLAN","11","SUBA","23","CASA BLANCA SUBA"
"009129","VILLA DEL PRADO","11","SUBA","17","SAN JOSE DE BAVARIA"
"009130","CANODROMO","11","SUBA","19","EL PRADO"
"009131","SANTA HELENA","11","SUBA","19","EL PRADO"
"009132","ESCUELA DE CARABINEROS","11","SUBA","23","CASA BLANCA SUBA"
"009133","MIRANDELA","11","SUBA","17","SAN JOSE DE BAVARIA"
"009134","SAN JOSE V SECTOR","11","SUBA","18","BRITALIA"
"009135","PORTALES DEL NORTE","11","SUBA","18","BRITALIA"
"009136","CASABLANCA SUBA URBANO","11","SUBA",,
"009138","CASABLANCA SUBA URBANO I","11","SUBA","2","LA ACADEMIA"
"009139","CASABLANCA SUBA URBANO II","11","SUBA",,
"009140","NUESTRA SENORA DEL ROSARIO","11","SUBA",,
"009141","LA CANDELARIA","11","SUBA",,
"009142","CONEJERA","11","SUBA",,
"009201","LOS NARANJOS","11","SUBA","28","EL RINCON"
"009202","EL RINCON","11","SUBA","28","EL RINCON"
"009203","PUERTA DEL SOL","11","SUBA","28","EL RINCON"
"009204","EL RINCON NORTE","11","SUBA","28","EL RINCON"
"009205","AURES","11","SUBA","28","EL RINCON"
"009206","AURES II","11","SUBA","28","EL RINCON"
"009207","VILLA ELISA","11","SUBA","28","EL RINCON"
"009208","COSTA AZUL","11","SUBA","28","EL RINCON"
"009209","VILLA MARIA","11","SUBA","28","EL RINCON"
"009210","LAS FLORES","11","SUBA","27","SUBA"
"009211","EL POA","11","SUBA","28","EL RINCON"
"009212","SUBA URBANO","11","SUBA","27","SUBA"
"009213","EL PINO","11","SUBA","27","SUBA"
"009214","TUNA ALTA","11","SUBA","27","SUBA"
"009215","CASABLANCA SUBA","11","SUBA","23","CASA BLANCA SUBA"
"009216","LA GAITANA","11","SUBA","71","TIBABUYES"
"009217","RINCON DE SANTA INES","11","SUBA","27","SUBA"
"009218","ALMIRANTE COLON","11","SUBA","24","NIZA"
"009219","CAMPANELLA","11","SUBA","27","SUBA"
"009220","LAGO DE SUBA","11","SUBA","28","EL RINCON"
"009221","LA CHUCUA","11","SUBA","28","EL RINCON"
"009222","ALTOS DE CHOZICA","11","SUBA","24","NIZA"
"009223","TTES DE COLOMBIA","11","SUBA","28","EL RINCON"
"009224","NUEVA TIBABUYES","11","SUBA","71","TIBABUYES"
"009225","TIBABUYES UNIVERSAL","11","SUBA","71","TIBABUYES"
"009226","SALITRE SUBA","11","SUBA","27","SUBA"
"009227","LECH WALESA","11","SUBA","28","EL RINCON"
"009228","LOMBARDIA","11","SUBA","28","EL RINCON"
"009229","TOSCANA","11","SUBA","71","TIBABUYES"
"009230","SAN CAYETANO","11","SUBA","28","EL RINCON"
"009231","SUBA CERROS","11","SUBA","27","SUBA"
"009232","SABANA DE TIBABUYES","11","SUBA","71","TIBABUYES"
"009233","TIBABUYES","11","SUBA","27","SUBA"
"009234","SABANA DE TIBABUYES NORTE","11","SUBA","71","TIBABUYES"
"009235","CIUDAD HUNZA","11","SUBA","28","EL RINCON"
"009236","LA CAROLINA DE SUBA","11","SUBA","71","TIBABUYES"
"009237","RINCON DE SUBA","11","SUBA","28","EL RINCON"
"009238","SANTA TERESA DE SUBA","11","SUBA","28","EL RINCON"
"009239","LAS MERCEDES SUBA","11","SUBA","27","SUBA"
"009240","POTRERILLO","11","SUBA","28","EL RINCON"
"009241","BOSQUES DE SAN JORGE","11","SUBA","27","SUBA"
"009242","TUNA BAJA","11","SUBA","27","SUBA"
"009243","LAS MERCEDES I","11","SUBA","27","SUBA"
"009244","VILLA HERMOSA","11","SUBA","27","SUBA"
"009245","PINOS DE LOMBARDIA","11","SUBA","27","SUBA"
"009246","DELMONTE","11","SUBA","23","CASA BLANCA SUBA"
"009247","IRAGUA","11","SUBA","23","CASA BLANCA SUBA"
"009248","TIBABUYES II","11","SUBA","71","TIBABUYES"
"009249","VEREDA SUBA NARANJOS","11","SUBA","24","NIZA"
"009250","TIBABUYES OCCIDENTAL","11","SUBA","71","TIBABUYES"
"009251","SAN CARLOS DE SUBA","11","SUBA","71","TIBABUYES"
"009252","BILBAO","11","SUBA","71","TIBABUYES"
"009253","SAN PEDRO","11","SUBA","71","TIBABUYES"
"009254","LISBOA","11","SUBA","71","TIBABUYES"
"009255","SANTA RITA DE SUBA","11","SUBA","71","TIBABUYES"
"009256","SANTA CECILIA","11","SUBA","71","TIBABUYES"
"009257","TIBABUYES","11","SUBA","71","TIBABUYES"
"009258","CASA BLANCA SUBA I","11","SUBA","23","CASA BLANCA SUBA"
"009259","BERLIN","11","SUBA","71","TIBABUYES"
"009260","ALTOS DE SUBA","11","SUBA","23","CASA BLANCA SUBA"
"009261","TUNA","11","SUBA","71","TIBABUYES"
"009262","LA GAITANA ORIENTAL","11","SUBA","71","TIBABUYES"
"009263","VILLA ALCAZAR","11","SUBA","28","EL RINCON"
"009265","VEREDA SUBA CERROS II","11","SUBA","23","CASA BLANCA SUBA"
"009266","RINCON ALTAMAR","11","SUBA","28","EL RINCON"
"101101","EL BAGAZAL","2","CHAPINERO",,
"101103","INGEMAR ORIENTAL RURAL","2","CHAPINERO",,
"101104","SEMINARIO RURAL","2","CHAPINERO","88","EL REFUGIO"
"101110","PARAMO I RURAL","2","CHAPINERO","88","EL REFUGIO"
"101201","HOYA TEUSACA","3","SANTA FE",,
"101301","HOYA SAN CRISTOBAL","4","SAN CRISTÓBAL",,
"101302","MOLINO RURAL","4","SAN CRISTÓBAL",,
"101306","TIBAQUE","4","SAN CRISTÓBAL",,
"101307","TIHUAQUE RURAL","5","USME",,
"101308","CHIGUAZA RURAL","5","USME",,
"101309","LA ARBOLEDA RURAL","4","SAN CRISTÓBAL",,
"101405","PARQUE NACIONAL ORIENTAL","3","SANTA FE",,
"101502","SIBERIA","2","CHAPINERO",,
"102110","EL PORVENIR DE LOS SOCHES","5","USME",,
"102111","LOS ARRAYANES","5","USME",,
"102112","EL HATO","5","USME",,
"102113","LAS MARGARITAS","5","USME",,
"102114","LOS ANDES","5","USME",,
"102115","LA UNION","5","USME",,
"102116","CHISACA","5","USME",,
"102118","LAS VIOLETAS RURAL","5","USME",,
"102122","LA REQUILINA RURAL","5","USME","61","CIUDAD USME"
"102211","LILIANA","5","USME","52","LA FLORA"
"102309","EL BOSQUE SUR ORIENTAL RURAL I","5","USME",,
"102310","EL BOSQUE SUR ORIENTAL RURAL I","5","USME",,
"102312","CIUDAD LONDRES RURAL","5","USME",,
"102401","LOS ARRAYANES","5","USME","61","CIUDAD USME"
"102405","PEPINITOS","5","USME","61","CIUDAD USME"
"102406","EL BOSQUE CENTRAL","5","USME","61","CIUDAD USME"
"102407","TIBAQUE SUR","5","USME","52","LA FLORA"
"102412","TOCAIMITA SUR","5","USME","61","CIUDAD USME"
"102502","EL UVAL RURAL","5","USME",,
"102506","PORTAL RURAL II","5","USME","61","CIUDAD USME"
"102601","CENTRO USME RURAL","5","USME","61","CIUDAD USME"
"102602","CENTRO USME RURAL I","5","USME","61","CIUDAD USME"
"102603","CENTRO USME RURAL II","5","USME","61","CIUDAD USME"
"102604","LA REQUILINA RURAL II","5","USME","61","CIUDAD USME"
"102707","OLARTE","5","USME",,
"102808","LA REGADERA","5","USME",,
"102909","SAN BENITO","5","USME",,
"102910","ARRAYAN","5","USME",,
"102911","CURUBITAL","5","USME",,
"103101","SANTA ROSA ALTA","20","SUMAPAZ",,
"103102","TAQUECITOS","20","SUMAPAZ",,
"103103","SANTA ROSA BAJA","20","SUMAPAZ",,
"103104","LAS ANIMAS","20","SUMAPAZ",,
"103105","LAS AURAS","20","SUMAPAZ",,
"103106","NAZARETH","20","SUMAPAZ",,
"103107","LAS PALMAS","20","SUMAPAZ",,
"103108","LOS RIOS","20","SUMAPAZ",,
"103109","LAS SOPAS","20","SUMAPAZ",,
"103201","BETANIA","20","SUMAPAZ",,
"103202","EL ISTMO","20","SUMAPAZ",,
"103203","EL TABACO","20","SUMAPAZ",,
"103204","LAGUNA VERDE","20","SUMAPAZ",,
"103205","RAIZAL","20","SUMAPAZ",,
"103206","PENALISA","20","SUMAPAZ",,
"104102","PASQUILLITA","19","CIUDAD BOLÍVAR",,
"104104","PASQUILLA","19","CIUDAD BOLÍVAR",,
"104107","BELLA FLOR SUR RURAL","19","CIUDAD BOLÍVAR",,
"104108","LAS MERCEDES","19","CIUDAD BOLÍVAR",,
"104110","QUIBA BAJO","19","CIUDAD BOLÍVAR",,
"104112","SANTA ROSA","19","CIUDAD BOLÍVAR",,
"104113","SANTA BARBARA","19","CIUDAD BOLÍVAR",,
"104114","QUIBA ALTO","19","CIUDAD BOLÍVAR",,
"104118","CIUDAD BOLIVAR RURAL III","19","CIUDAD BOLÍVAR",,
"104119","CIUDAD BOLIVAR RURAL I","19","CIUDAD BOLÍVAR",,
"104127","EL MOCHUELO IV","19","CIUDAD BOLÍVAR",,
"104128","EL MOCHUELO III","19","CIUDAD BOLÍVAR",,
"104129","EL MOCHUELO II","19","CIUDAD BOLÍVAR",,
"104130","BRAZUELOS OCCIDENTAL RURAL","19","CIUDAD BOLÍVAR","64","MONTE BLANCO"
"104131","MOCHUELO ALTO RURAL","19","CIUDAD BOLÍVAR",,
"105103","SAN PEDRO","9","FONTIBÓN","77","ZONA FRANCA"
"105104","EL TINTAL","9","FONTIBÓN","77","ZONA FRANCA"
"105105","VEREDA EL TINTAL RURAL","8","KENNEDY","78","TINTAL NORTE"
"105203","OSORIO II","8","KENNEDY","78","TINTAL NORTE"
"105210","OSORIO X","7","BOSA","86","EL PORVENIR"
"105223","OSORIO XXIII","7","BOSA","86","EL PORVENIR"
"105314","EL CORZO RURAL","7","BOSA","86","EL PORVENIR"
"105317","SAN BERNARDINO RURAL","7","BOSA","87","TINTAL SUR"
"105318","SAN BERNARDINO XVIII","7","BOSA","87","TINTAL SUR"
"105322","SAN BERNARDINO XXII","7","BOSA","87","TINTAL SUR"
"105325","SAN BERNARDINO XXV","7","BOSA","87","TINTAL SUR"
"105401","EL CHANCO RURAL II","9","FONTIBÓN","77","ZONA FRANCA"
"105402","CHARCO RURAL","9","FONTIBÓN","76","FONTIBON SAN PABLO"
"105403","EL CHANCO RURAL III","9","FONTIBÓN","77","ZONA FRANCA"
"106201","EL PANTANO","10","ENGATIVÁ","74","ENGATIVA"
"106301","ENGATIVA EL DORADO","10","ENGATIVÁ","73","GARCES NAVAS"
"107101","GUAYMARAL","11","SUBA",,
"107102","CASABLANCA SUBA","11","SUBA","2","LA ACADEMIA"
"107106","TUNA RURAL","11","SUBA",,
"107107","LAS MERCEDES SUBA RURAL","11","SUBA",,
"107109","BARAJAS NORTE","11","SUBA",,
"107110","CASABLANCA SUBA I","11","SUBA","2","LA ACADEMIA"
"107111","CASABLANCA SUBA II","11","SUBA",,
"107112","LA LOMITA","11","SUBA",,
"108101","TORCA RURAL I","1","USAQUÉN",,
"108102","TIBABITA RURAL","1","USAQUÉN","1","PASEO DE LOS LIBERTADORES"
"108103","BARRANCAS ORIENTAL","1","USAQUÉN","11","SAN CRISTOBAL NORTE"
"108104","PARAMO","1","USAQUÉN",,
"108108","PARAMO II","2","CHAPINERO",,
"108109","PARAMO I","2","CHAPINERO",,
"108110","TORCA RURAL II","1","USAQUÉN",,
"108111","TIBABITA RURAL I","1","USAQUÉN",,
"108112","PARAMO II RURAL","1","USAQUÉN",,
"108113","BOSQUE DE PINOS III RURAL","1","USAQUÉN",,
"108114","PARAMO III RURAL","1","USAQUÉN",,
"109101","EL TOLDO","20","SUMAPAZ",,
"109102","SAN ANTONIO","20","SUMAPAZ",,
"109103","LAS VEGAS","20","SUMAPAZ",,
"109104","SAN JUAN","20","SUMAPAZ",,
"109105","SANTO DOMINGO","20","SUMAPAZ",,
"109106","LA UNION","20","SUMAPAZ",,
"109107","CHORRERAS","20","SUMAPAZ",,
"109109","TUNAL ALTO","20","SUMAPAZ",,
"109110","CONCEPCION","20","SUMAPAZ",,
"109111","SAN JOSE","20","SUMAPAZ",,
"109112","CAPITOLIO","20","SUMAPAZ",,
"109113","LAGUNITAS","20","SUMAPAZ",,
"109114","TUNAL BAJO","20","SUMAPAZ",,
"109116","NUEVA GRANADA","20","SUMAPAZ",,
"201103","INGEMAR ORIENTAL I","2","CHAPINERO","90","PARDO RUBIO"
"201104","MARIA CRISTINA RURAL","2","CHAPINERO","90","PARDO RUBIO"
"201105","EL REFUGIO I","2","CHAPINERO",,
"201106","LOS ROSALES I","2","CHAPINERO","88","EL REFUGIO"
"201107","LOS ROSALES II","2","CHAPINERO","88","EL REFUGIO"
"201108","EL REFUGIO II","2","CHAPINERO",,
"201302","EL TRIANGULO","4","SAN CRISTÓBAL",,
"201304","AGUAS CLARAS","4","SAN CRISTÓBAL",,
"201305","LOS LAURELES I","4","SAN CRISTÓBAL",,
"201306","TIBAQUE I","4","SAN CRISTÓBAL",,
"201308","CIUDAD LONDRES I","4","SAN CRISTÓBAL","51","LOS LIBERTADORES"
"201309","TIBAQUE II","5","USME",,
"201310","MOLINOS DE ORIENTE RURAL","4","SAN CRISTÓBAL","32","SAN BLAS"
"201311","TIBAQUE RURAL","4","SAN CRISTÓBAL","32","SAN BLAS"
"201312","SAN PEDRO SUR RURAL","5","USME","52","LA FLORA"
"201313","TIHUAQUE RURAL","5","USME","52","LA FLORA"
"201314","CIUDAD LONDRES","5","USME","52","LA FLORA"
"201315","JUAN REY SUR RURAL","5","USME","52","LA FLORA"
"201316","SAN RAFAEL USME RURAL","4","SAN CRISTÓBAL","51","LOS LIBERTADORES"
"201350","MONTE CARLO RURAL","4","SAN CRISTÓBAL","32","SAN BLAS"
"201402","EL ROCIO RURAL","3","SANTA FE","96","LOURDES"
"201403","BOSQUE IZQUIERDO RURAL","3","SANTA FE","92","LA MACARENA"
"201404","LA PE?A RURAL","3","SANTA FE",,
"201405","PARQUE NACIONAL RURAL","3","SANTA FE","91","SAGRADO CORAZON"
"201406","PARQUE NACIONAL RURAL II","3","SANTA FE","91","SAGRADO CORAZON"
"201407","LA PERSEVERANCIA I","3","SANTA FE","92","LA MACARENA"
"201502","SIBERIA RURAL","2","CHAPINERO",,
"201503","SIBERIA RURAL II","2","CHAPINERO",,
"201504","EL PARAISO RURAL II","2","CHAPINERO","90","PARDO RUBIO"
"201505","EL PARAISO RURAL","2","CHAPINERO","90","PARDO RUBIO"
"201506","SIBERIA CENTRAL RURAL","2","CHAPINERO","90","PARDO RUBIO"
"201507","INGEMAR RURAL","2","CHAPINERO","90","PARDO RUBIO"
"201509","PARDO RUBIO RURAL","2","CHAPINERO","90","PARDO RUBIO"
"202101","LAS VIOLETAS RURAL","5","USME","52","LA FLORA"
"202203","BOLONIA I","5","USME","61","CIUDAD USME"
"202204","LA ESPERANZA SUR I","5","USME","61","CIUDAD USME"
"202301","EL BOSQUE SUR ORIENTAL RURAL","5","USME","61","CIUDAD USME"
"202404","SAN FELIPE DE USME RURAL","5","USME","57","GRAN YOMASA"
"202410","TOCAIMITA ORIENTAL","5","USME","61","CIUDAD USME"
"202502","EL UVAL","5","USME","61","CIUDAD USME"
"202506","EL NUEVO PORTAL II RURAL","5","USME","61","CIUDAD USME"
"202511","PUERTA AL LLANO RURAL","5","USME","59","ALFONSO LOPEZ"
"202601","CENTRO USME","5","USME","61","CIUDAD USME"
"204104","PASQUILLA URBANA","19","CIUDAD BOLÍVAR",,
"204106","NUEVA ESPERANZA","19","CIUDAD BOLÍVAR",,
"204107","EL MIRADOR II","19","CIUDAD BOLÍVAR",,
"204128","QUIBA RURAL","19","CIUDAD BOLÍVAR",,
"204129","EL MOCHUELO II NORTE","19","CIUDAD BOLÍVAR",,
"204131","MOCHUELO ALTO URBANO","19","CIUDAD BOLÍVAR",,
"204304","LAGUNITAS","19","CIUDAD BOLÍVAR",,
"205101","VEREDA EL TINTAL URBANO","8","KENNEDY","78","TINTAL NORTE"
"205102","VEREDA EL TINTAL","9","FONTIBÓN","112","GRANJAS DE TECHO"
"205209","EL JAZMIN","8","KENNEDY","82","PATIO BONITO"
"205221","GALAN RURAL","8","KENNEDY","82","PATIO BONITO"
"205225","LAS ACACIAS RURAL","8","KENNEDY","82","PATIO BONITO"
"205308","CANAVERALEJO RURAL","7","BOSA","86","EL PORVENIR"
"205316","VILLA EMMA","7","BOSA","87","TINTAL SUR"
"205318","SAN BERNARDINO XVIII","7","BOSA","87","TINTAL SUR"
"205319","SAN BERNARDINO XIX","7","BOSA","87","TINTAL SUR"
"205320","EL REMANSO","7","BOSA","87","TINTAL SUR"
"205401","EL CHANCO II","9","FONTIBÓN","77","ZONA FRANCA"
"205402","EL CHARCO","9","FONTIBÓN","76","FONTIBON SAN PABLO"
"207801","SANTA CECILIA","11","SUBA","71","TIBABUYES"
"208101","PARAMO IV","2","CHAPINERO",,
"208104","PARAMO URBANO","2","CHAPINERO",,
"208106","SANTA CECILIA NORTE RURAL","1","USAQUÉN","11","SAN CRISTOBAL NORTE"
"208107","LA ESPERANZA","2","CHAPINERO",,
"208108","SAN ISIDRO RURAL","2","CHAPINERO",,
"208110","SAN LUIS ALTOS DEL CABO","2","CHAPINERO","89","SAN ISIDRO - PATIOS"
"208111","SAN ISIDRO","2","CHAPINERO","89","SAN ISIDRO - PATIOS"
"208112","SAN GABRIEL NORTE I","1","USAQUÉN","14","USAQUEN"
"208113","PARAMO URBANO III","2","CHAPINERO","89","SAN ISIDRO - PATIOS"
"208114","TIBABITA I","1","USAQUÉN","9","VERBENAL"
"208115","TORCA II","1","USAQUÉN","1","PASEO DE LOS LIBERTADORES"
"208116","BOSQUE DE PINOS RURAL","1","USAQUÉN","11","SAN CRISTOBAL NORTE"
"208117","LA CITA RURAL","1","USAQUÉN","11","SAN CRISTOBAL NORTE"
"208118","LA ESTRELLITA I RURAL","1","USAQUÉN","9","VERBENAL"
"208119","BUENAVISTA RURAL","1","USAQUÉN","9","VERBENAL"
"208120","SANTA ANA RURAL","1","USAQUÉN","14","USAQUEN"
"208121","HORIZONTES NORTE RURAL","1","USAQUÉN","9","VERBENAL"
"208122","HORIZONTES NORTE RURAL II","1","USAQUÉN","9","VERBENAL"
"208123","PARAMO URBANO I","1","USAQUÉN","14","USAQUEN"
"208124","MIRADOR DEL NORTE II","1","USAQUÉN","9","VERBENAL"
"208203","LA ESTRELLITA","1","USAQUÉN",,
"209104","SAN JUAN URBANO","20","SUMAPAZ",,
